RprtDt,StateCd,CEDNm2021,PrtcpntCnt
31DEC2024,ACT,Bean,4121
31DEC2024,ACT,Canberra,2944
31DEC2024,ACT,Fenner,4238
31DEC2024,ACT,Other,<11
31DEC2024,MIS,Other,16
31DEC2024,NSW,Banks,3368
31DEC2024,NSW,Barton,3150
31DEC2024,NSW,Bennelong,3377
31DEC2024,NSW,Berowra,2737
31DEC2024,NSW,Blaxland,4503
31DEC2024,NSW,Bradfield,2489
31DEC2024,NSW,Calare,5152
31DEC2024,NSW,Chifley,6480
31DEC2024,NSW,Cook,2641
31DEC2024,NSW,Cowper,6729
31DEC2024,NSW,Cunningham,4022
31DEC2024,NSW,Dobell,6250
31DEC2024,NSW,Eden-Monaro,3789
31DEC2024,NSW,Farrer,5213
31DEC2024,NSW,Fowler,4086
31DEC2024,NSW,Gilmore,4477
31DEC2024,NSW,Grayndler,2485
31DEC2024,NSW,Greenway,4984
31DEC2024,NSW,Hughes,3289
31DEC2024,NSW,Hume,5142
31DEC2024,NSW,Hunter,6793
31DEC2024,NSW,Kingsford Smith,3357
31DEC2024,NSW,Lindsay,6513
31DEC2024,NSW,Lyne,5041
31DEC2024,NSW,Macarthur,7115
31DEC2024,NSW,Mackellar,2591
31DEC2024,NSW,Macquarie,4211
31DEC2024,NSW,McMahon,4537
31DEC2024,NSW,Mitchell,3734
31DEC2024,NSW,New England,4640
31DEC2024,NSW,Newcastle,5779
31DEC2024,NSW,North Sydney,2116
31DEC2024,NSW,Other,<11
31DEC2024,NSW,Page,5826
31DEC2024,NSW,Parkes,4551
31DEC2024,NSW,Parramatta,4469
31DEC2024,NSW,Paterson,7771
31DEC2024,NSW,Reid,2706
31DEC2024,NSW,Richmond,4683
31DEC2024,NSW,Riverina,4789
31DEC2024,NSW,Robertson,4527
31DEC2024,NSW,Shortland,5159
31DEC2024,NSW,Sydney,2381
31DEC2024,NSW,Warringah,1842
31DEC2024,NSW,Watson,3924
31DEC2024,NSW,Wentworth,1504
31DEC2024,NSW,Werriwa,5557
31DEC2024,NSW,Whitlam,5098
31DEC2024,NT,Lingiari,3400
31DEC2024,NT,Other,<11
31DEC2024,NT,Solomon,2842
31DEC2024,OT,Other,90
31DEC2024,QLD,Blair,7508
31DEC2024,QLD,Bonner,3867
31DEC2024,QLD,Bowman,4953
31DEC2024,QLD,Brisbane,3140
31DEC2024,QLD,Capricornia,4985
31DEC2024,QLD,Dawson,4383
31DEC2024,QLD,Dickson,4733
31DEC2024,QLD,Fadden,5525
31DEC2024,QLD,Fairfax,4591
31DEC2024,QLD,Fisher,5092
31DEC2024,QLD,Flynn,5087
31DEC2024,QLD,Forde,6952
31DEC2024,QLD,Griffith,3196
31DEC2024,QLD,Groom,5449
31DEC2024,QLD,Herbert,5821
31DEC2024,QLD,Hinkler,6052
31DEC2024,QLD,Kennedy,4512
31DEC2024,QLD,Leichhardt,4353
31DEC2024,QLD,Lilley,4096
31DEC2024,QLD,Longman,7509
31DEC2024,QLD,Maranoa,4489
31DEC2024,QLD,McPherson,3512
31DEC2024,QLD,Moncrieff,3663
31DEC2024,QLD,Moreton,3794
31DEC2024,QLD,Other,<11
31DEC2024,QLD,Oxley,5924
31DEC2024,QLD,Petrie,6095
31DEC2024,QLD,Rankin,5672
31DEC2024,QLD,Ryan,3287
31DEC2024,QLD,Wide Bay,5181
31DEC2024,QLD,Wright,5719
31DEC2024,SA,Adelaide,5409
31DEC2024,SA,Barker,5486
31DEC2024,SA,Boothby,5268
31DEC2024,SA,Grey,5214
31DEC2024,SA,Hindmarsh,5109
31DEC2024,SA,Kingston,6438
31DEC2024,SA,Makin,5888
31DEC2024,SA,Mayo,5311
31DEC2024,SA,Other,<11
31DEC2024,SA,Spence,10411
31DEC2024,SA,Sturt,4562
31DEC2024,TAS,Bass,3221
31DEC2024,TAS,Braddon,3080
31DEC2024,TAS,Clark,2814
31DEC2024,TAS,Franklin,2719
31DEC2024,TAS,Lyons,2959
31DEC2024,VIC,Aston,4295
31DEC2024,VIC,Ballarat,5376
31DEC2024,VIC,Bendigo,6516
31DEC2024,VIC,Bruce,4984
31DEC2024,VIC,Calwell,6629
31DEC2024,VIC,Casey,4833
31DEC2024,VIC,Chisholm,3489
31DEC2024,VIC,Cooper,4433
31DEC2024,VIC,Corangamite,4916
31DEC2024,VIC,Corio,6910
31DEC2024,VIC,Deakin,5195
31DEC2024,VIC,Dunkley,5779
31DEC2024,VIC,Flinders,4625
31DEC2024,VIC,Fraser,4964
31DEC2024,VIC,Gellibrand,5058
31DEC2024,VIC,Gippsland,5428
31DEC2024,VIC,Goldstein,2776
31DEC2024,VIC,Gorton,5484
31DEC2024,VIC,Hawke,7206
31DEC2024,VIC,Higgins,2428
31DEC2024,VIC,Holt,5648
31DEC2024,VIC,Hotham,4123
31DEC2024,VIC,Indi,5031
31DEC2024,VIC,Isaacs,3890
31DEC2024,VIC,Jagajaga,4408
31DEC2024,VIC,Kooyong,2625
31DEC2024,VIC,La Trobe,5073
31DEC2024,VIC,Lalor,6845
31DEC2024,VIC,Macnamara,2992
31DEC2024,VIC,Mallee,5446
31DEC2024,VIC,Maribyrnong,3586
31DEC2024,VIC,McEwen,5236
31DEC2024,VIC,Melbourne,2826
31DEC2024,VIC,Menzies,3493
31DEC2024,VIC,Monash,4550
31DEC2024,VIC,Nicholls,5299
31DEC2024,VIC,Other,11
31DEC2024,VIC,Scullin,4589
31DEC2024,VIC,Wannon,4877
31DEC2024,VIC,Wills,4117
31DEC2024,WA,Brand,5226
31DEC2024,WA,Burt,5054
31DEC2024,WA,Canning,3935
31DEC2024,WA,Cowan,4406
31DEC2024,WA,Curtin,2647
31DEC2024,WA,Durack,4444
31DEC2024,WA,Forrest,4039
31DEC2024,WA,Fremantle,3789
31DEC2024,WA,Hasluck,4960
31DEC2024,WA,Moore,3085
31DEC2024,WA,O'Connor,3727
31DEC2024,WA,Other,<11
31DEC2024,WA,Pearce,4391
31DEC2024,WA,Perth,3484
31DEC2024,WA,Swan,3916
31DEC2024,WA,Tangney,3453
30SEP2024,ACT,Bean,4072
30SEP2024,ACT,Canberra,2903
30SEP2024,ACT,Fenner,4168
30SEP2024,ACT,Other,<11
30SEP2024,MIS,Other,21
30SEP2024,NSW,Banks,3294
30SEP2024,NSW,Barton,3097
30SEP2024,NSW,Bennelong,3338
30SEP2024,NSW,Berowra,2698
30SEP2024,NSW,Blaxland,4419
30SEP2024,NSW,Bradfield,2456
30SEP2024,NSW,Calare,5096
30SEP2024,NSW,Chifley,6354
30SEP2024,NSW,Cook,2571
30SEP2024,NSW,Cowper,6634
30SEP2024,NSW,Cunningham,3950
30SEP2024,NSW,Dobell,6077
30SEP2024,NSW,Eden-Monaro,3714
30SEP2024,NSW,Farrer,5127
30SEP2024,NSW,Fowler,4043
30SEP2024,NSW,Gilmore,4416
30SEP2024,NSW,Grayndler,2443
30SEP2024,NSW,Greenway,4923
30SEP2024,NSW,Hughes,3215
30SEP2024,NSW,Hume,4994
30SEP2024,NSW,Hunter,6674
30SEP2024,NSW,Kingsford Smith,3303
30SEP2024,NSW,Lindsay,6359
30SEP2024,NSW,Lyne,4992
30SEP2024,NSW,Macarthur,6985
30SEP2024,NSW,Mackellar,2534
30SEP2024,NSW,Macquarie,4105
30SEP2024,NSW,McMahon,4452
30SEP2024,NSW,Mitchell,3669
30SEP2024,NSW,New England,4592
30SEP2024,NSW,Newcastle,5764
30SEP2024,NSW,North Sydney,2087
30SEP2024,NSW,Other,<11
30SEP2024,NSW,Page,5714
30SEP2024,NSW,Parkes,4519
30SEP2024,NSW,Parramatta,4415
30SEP2024,NSW,Paterson,7670
30SEP2024,NSW,Reid,2669
30SEP2024,NSW,Richmond,4580
30SEP2024,NSW,Riverina,4738
30SEP2024,NSW,Robertson,4445
30SEP2024,NSW,Shortland,5101
30SEP2024,NSW,Sydney,2332
30SEP2024,NSW,Warringah,1803
30SEP2024,NSW,Watson,3871
30SEP2024,NSW,Wentworth,1484
30SEP2024,NSW,Werriwa,5419
30SEP2024,NSW,Whitlam,4998
30SEP2024,NT,Lingiari,3312
30SEP2024,NT,Other,<11
30SEP2024,NT,Solomon,2836
30SEP2024,OT,Other,84
30SEP2024,QLD,Blair,7336
30SEP2024,QLD,Bonner,3792
30SEP2024,QLD,Bowman,4855
30SEP2024,QLD,Brisbane,3085
30SEP2024,QLD,Capricornia,4876
30SEP2024,QLD,Dawson,4301
30SEP2024,QLD,Dickson,4613
30SEP2024,QLD,Fadden,5363
30SEP2024,QLD,Fairfax,4544
30SEP2024,QLD,Fisher,4969
30SEP2024,QLD,Flynn,5009
30SEP2024,QLD,Forde,6783
30SEP2024,QLD,Griffith,3165
30SEP2024,QLD,Groom,5367
30SEP2024,QLD,Herbert,5706
30SEP2024,QLD,Hinkler,5946
30SEP2024,QLD,Kennedy,4446
30SEP2024,QLD,Leichhardt,4300
30SEP2024,QLD,Lilley,4028
30SEP2024,QLD,Longman,7292
30SEP2024,QLD,Maranoa,4446
30SEP2024,QLD,McPherson,3453
30SEP2024,QLD,Moncrieff,3618
30SEP2024,QLD,Moreton,3751
30SEP2024,QLD,Other,<11
30SEP2024,QLD,Oxley,5852
30SEP2024,QLD,Petrie,6009
30SEP2024,QLD,Rankin,5555
30SEP2024,QLD,Ryan,3241
30SEP2024,QLD,Wide Bay,5091
30SEP2024,QLD,Wright,5553
30SEP2024,SA,Adelaide,5348
30SEP2024,SA,Barker,5380
30SEP2024,SA,Boothby,5209
30SEP2024,SA,Grey,5161
30SEP2024,SA,Hindmarsh,5079
30SEP2024,SA,Kingston,6311
30SEP2024,SA,Makin,5794
30SEP2024,SA,Mayo,5194
30SEP2024,SA,Other,<11
30SEP2024,SA,Spence,10210
30SEP2024,SA,Sturt,4515
30SEP2024,TAS,Bass,3175
30SEP2024,TAS,Braddon,3022
30SEP2024,TAS,Clark,2753
30SEP2024,TAS,Franklin,2674
30SEP2024,TAS,Lyons,2889
30SEP2024,TAS,Other,<11
30SEP2024,VIC,Aston,4199
30SEP2024,VIC,Ballarat,5236
30SEP2024,VIC,Bendigo,6384
30SEP2024,VIC,Bruce,4969
30SEP2024,VIC,Calwell,6528
30SEP2024,VIC,Casey,4695
30SEP2024,VIC,Chisholm,3420
30SEP2024,VIC,Cooper,4384
30SEP2024,VIC,Corangamite,4801
30SEP2024,VIC,Corio,6855
30SEP2024,VIC,Deakin,5077
30SEP2024,VIC,Dunkley,5716
30SEP2024,VIC,Flinders,4518
30SEP2024,VIC,Fraser,4935
30SEP2024,VIC,Gellibrand,4946
30SEP2024,VIC,Gippsland,5293
30SEP2024,VIC,Goldstein,2697
30SEP2024,VIC,Gorton,5368
30SEP2024,VIC,Hawke,7054
30SEP2024,VIC,Higgins,2365
30SEP2024,VIC,Holt,5486
30SEP2024,VIC,Hotham,4061
30SEP2024,VIC,Indi,4944
30SEP2024,VIC,Isaacs,3822
30SEP2024,VIC,Jagajaga,4320
30SEP2024,VIC,Kooyong,2555
30SEP2024,VIC,La Trobe,4905
30SEP2024,VIC,Lalor,6700
30SEP2024,VIC,Macnamara,2945
30SEP2024,VIC,Mallee,5353
30SEP2024,VIC,Maribyrnong,3490
30SEP2024,VIC,McEwen,5036
30SEP2024,VIC,Melbourne,2799
30SEP2024,VIC,Menzies,3446
30SEP2024,VIC,Monash,4485
30SEP2024,VIC,Nicholls,5145
30SEP2024,VIC,Other,<11
30SEP2024,VIC,Scullin,4568
30SEP2024,VIC,Wannon,4786
30SEP2024,VIC,Wills,4036
30SEP2024,WA,Brand,5085
30SEP2024,WA,Burt,4941
30SEP2024,WA,Canning,3825
30SEP2024,WA,Cowan,4322
30SEP2024,WA,Curtin,2607
30SEP2024,WA,Durack,4320
30SEP2024,WA,Forrest,3955
30SEP2024,WA,Fremantle,3709
30SEP2024,WA,Hasluck,4862
30SEP2024,WA,Moore,3006
30SEP2024,WA,O'Connor,3669
30SEP2024,WA,Other,<11
30SEP2024,WA,Pearce,4231
30SEP2024,WA,Perth,3422
30SEP2024,WA,Swan,3857
30SEP2024,WA,Tangney,3371
30JUN2024,ACT,Bean,4006
30JUN2024,ACT,Canberra,2819
30JUN2024,ACT,Fenner,4104
30JUN2024,ACT,Other,<11
30JUN2024,MIS,Other,26
30JUN2024,NSW,Banks,3197
30JUN2024,NSW,Barton,3020
30JUN2024,NSW,Bennelong,3294
30JUN2024,NSW,Berowra,2613
30JUN2024,NSW,Blaxland,4288
30JUN2024,NSW,Bradfield,2406
30JUN2024,NSW,Calare,4945
30JUN2024,NSW,Chifley,6149
30JUN2024,NSW,Cook,2506
30JUN2024,NSW,Cowper,6465
30JUN2024,NSW,Cunningham,3865
30JUN2024,NSW,Dobell,5886
30JUN2024,NSW,Eden-Monaro,3603
30JUN2024,NSW,Farrer,4951
30JUN2024,NSW,Fowler,3960
30JUN2024,NSW,Gilmore,4320
30JUN2024,NSW,Grayndler,2354
30JUN2024,NSW,Greenway,4773
30JUN2024,NSW,Hughes,3134
30JUN2024,NSW,Hume,4839
30JUN2024,NSW,Hunter,6481
30JUN2024,NSW,Kingsford Smith,3248
30JUN2024,NSW,Lindsay,6199
30JUN2024,NSW,Lyne,4852
30JUN2024,NSW,Macarthur,6775
30JUN2024,NSW,Mackellar,2444
30JUN2024,NSW,Macquarie,3979
30JUN2024,NSW,McMahon,4332
30JUN2024,NSW,Mitchell,3536
30JUN2024,NSW,New England,4461
30JUN2024,NSW,Newcastle,5642
30JUN2024,NSW,North Sydney,2017
30JUN2024,NSW,Other,<11
30JUN2024,NSW,Page,5562
30JUN2024,NSW,Parkes,4419
30JUN2024,NSW,Parramatta,4317
30JUN2024,NSW,Paterson,7524
30JUN2024,NSW,Reid,2620
30JUN2024,NSW,Richmond,4443
30JUN2024,NSW,Riverina,4630
30JUN2024,NSW,Robertson,4334
30JUN2024,NSW,Shortland,4995
30JUN2024,NSW,Sydney,2287
30JUN2024,NSW,Warringah,1766
30JUN2024,NSW,Watson,3807
30JUN2024,NSW,Wentworth,1453
30JUN2024,NSW,Werriwa,5292
30JUN2024,NSW,Whitlam,4867
30JUN2024,NT,Lingiari,3199
30JUN2024,NT,Other,<11
30JUN2024,NT,Solomon,2796
30JUN2024,OT,Other,84
30JUN2024,QLD,Blair,7126
30JUN2024,QLD,Bonner,3666
30JUN2024,QLD,Bowman,4693
30JUN2024,QLD,Brisbane,3039
30JUN2024,QLD,Capricornia,4777
30JUN2024,QLD,Dawson,4212
30JUN2024,QLD,Dickson,4453
30JUN2024,QLD,Fadden,5238
30JUN2024,QLD,Fairfax,4409
30JUN2024,QLD,Fisher,4812
30JUN2024,QLD,Flynn,4947
30JUN2024,QLD,Forde,6495
30JUN2024,QLD,Griffith,3076
30JUN2024,QLD,Groom,5249
30JUN2024,QLD,Herbert,5580
30JUN2024,QLD,Hinkler,5816
30JUN2024,QLD,Kennedy,4317
30JUN2024,QLD,Leichhardt,4193
30JUN2024,QLD,Lilley,3883
30JUN2024,QLD,Longman,7003
30JUN2024,QLD,Maranoa,4354
30JUN2024,QLD,McPherson,3361
30JUN2024,QLD,Moncrieff,3544
30JUN2024,QLD,Moreton,3685
30JUN2024,QLD,Other,<11
30JUN2024,QLD,Oxley,5694
30JUN2024,QLD,Petrie,5835
30JUN2024,QLD,Rankin,5369
30JUN2024,QLD,Ryan,3133
30JUN2024,QLD,Wide Bay,4963
30JUN2024,QLD,Wright,5362
30JUN2024,SA,Adelaide,5285
30JUN2024,SA,Barker,5231
30JUN2024,SA,Boothby,5107
30JUN2024,SA,Grey,5032
30JUN2024,SA,Hindmarsh,4969
30JUN2024,SA,Kingston,6135
30JUN2024,SA,Makin,5669
30JUN2024,SA,Mayo,5017
30JUN2024,SA,Other,<11
30JUN2024,SA,Spence,9930
30JUN2024,SA,Sturt,4413
30JUN2024,TAS,Bass,3107
30JUN2024,TAS,Braddon,2958
30JUN2024,TAS,Clark,2692
30JUN2024,TAS,Franklin,2568
30JUN2024,TAS,Lyons,2819
30JUN2024,TAS,Other,<11
30JUN2024,VIC,Aston,4080
30JUN2024,VIC,Ballarat,5074
30JUN2024,VIC,Bendigo,6192
30JUN2024,VIC,Bruce,4887
30JUN2024,VIC,Calwell,6349
30JUN2024,VIC,Casey,4549
30JUN2024,VIC,Chisholm,3349
30JUN2024,VIC,Cooper,4286
30JUN2024,VIC,Corangamite,4618
30JUN2024,VIC,Corio,6720
30JUN2024,VIC,Deakin,4967
30JUN2024,VIC,Dunkley,5520
30JUN2024,VIC,Flinders,4350
30JUN2024,VIC,Fraser,4837
30JUN2024,VIC,Gellibrand,4797
30JUN2024,VIC,Gippsland,5125
30JUN2024,VIC,Goldstein,2606
30JUN2024,VIC,Gorton,5213
30JUN2024,VIC,Hawke,6758
30JUN2024,VIC,Higgins,2292
30JUN2024,VIC,Holt,5300
30JUN2024,VIC,Hotham,4005
30JUN2024,VIC,Indi,4785
30JUN2024,VIC,Isaacs,3695
30JUN2024,VIC,Jagajaga,4210
30JUN2024,VIC,Kooyong,2487
30JUN2024,VIC,La Trobe,4698
30JUN2024,VIC,Lalor,6412
30JUN2024,VIC,Macnamara,2859
30JUN2024,VIC,Mallee,5248
30JUN2024,VIC,Maribyrnong,3386
30JUN2024,VIC,McEwen,4808
30JUN2024,VIC,Melbourne,2755
30JUN2024,VIC,Menzies,3385
30JUN2024,VIC,Monash,4315
30JUN2024,VIC,Nicholls,5022
30JUN2024,VIC,Other,<11
30JUN2024,VIC,Scullin,4473
30JUN2024,VIC,Wannon,4673
30JUN2024,VIC,Wills,3915
30JUN2024,WA,Brand,4873
30JUN2024,WA,Burt,4765
30JUN2024,WA,Canning,3656
30JUN2024,WA,Cowan,4196
30JUN2024,WA,Curtin,2521
30JUN2024,WA,Durack,4158
30JUN2024,WA,Forrest,3833
30JUN2024,WA,Fremantle,3579
30JUN2024,WA,Hasluck,4713
30JUN2024,WA,Moore,2913
30JUN2024,WA,O'Connor,3556
30JUN2024,WA,Other,<11
30JUN2024,WA,Pearce,4045
30JUN2024,WA,Perth,3310
30JUN2024,WA,Swan,3758
30JUN2024,WA,Tangney,3255
31MAR2024,ACT,Bean,3956
31MAR2024,ACT,Canberra,2782
31MAR2024,ACT,Fenner,4044
31MAR2024,ACT,Other,<11
31MAR2024,MIS,Other,62
31MAR2024,NSW,Banks,3136
31MAR2024,NSW,Barton,2984
31MAR2024,NSW,Bennelong,3239
31MAR2024,NSW,Berowra,2589
31MAR2024,NSW,Blaxland,4220
31MAR2024,NSW,Bradfield,2350
31MAR2024,NSW,Calare,4876
31MAR2024,NSW,Chifley,5988
31MAR2024,NSW,Cook,2440
31MAR2024,NSW,Cowper,6324
31MAR2024,NSW,Cunningham,3808
31MAR2024,NSW,Dobell,5775
31MAR2024,NSW,Eden-Monaro,3547
31MAR2024,NSW,Farrer,4862
31MAR2024,NSW,Fowler,3897
31MAR2024,NSW,Gilmore,4289
31MAR2024,NSW,Grayndler,2322
31MAR2024,NSW,Greenway,4669
31MAR2024,NSW,Hughes,3060
31MAR2024,NSW,Hume,4722
31MAR2024,NSW,Hunter,6343
31MAR2024,NSW,Kingsford Smith,3191
31MAR2024,NSW,Lindsay,6111
31MAR2024,NSW,Lyne,4773
31MAR2024,NSW,Macarthur,6643
31MAR2024,NSW,Mackellar,2402
31MAR2024,NSW,Macquarie,3944
31MAR2024,NSW,McMahon,4306
31MAR2024,NSW,Mitchell,3463
31MAR2024,NSW,New England,4408
31MAR2024,NSW,Newcastle,5574
31MAR2024,NSW,North Sydney,1978
31MAR2024,NSW,Other,<11
31MAR2024,NSW,Page,5471
31MAR2024,NSW,Parkes,4343
31MAR2024,NSW,Parramatta,4280
31MAR2024,NSW,Paterson,7389
31MAR2024,NSW,Reid,2610
31MAR2024,NSW,Richmond,4334
31MAR2024,NSW,Riverina,4551
31MAR2024,NSW,Robertson,4298
31MAR2024,NSW,Shortland,4886
31MAR2024,NSW,Sydney,2250
31MAR2024,NSW,Warringah,1738
31MAR2024,NSW,Watson,3742
31MAR2024,NSW,Wentworth,1415
31MAR2024,NSW,Werriwa,5159
31MAR2024,NSW,Whitlam,4750
31MAR2024,NT,Lingiari,3105
31MAR2024,NT,Other,<11
31MAR2024,NT,Solomon,2777
31MAR2024,OT,Other,80
31MAR2024,QLD,Blair,6973
31MAR2024,QLD,Bonner,3573
31MAR2024,QLD,Bowman,4577
31MAR2024,QLD,Brisbane,2988
31MAR2024,QLD,Capricornia,4706
31MAR2024,QLD,Dawson,4170
31MAR2024,QLD,Dickson,4342
31MAR2024,QLD,Fadden,5130
31MAR2024,QLD,Fairfax,4340
31MAR2024,QLD,Fisher,4683
31MAR2024,QLD,Flynn,4874
31MAR2024,QLD,Forde,6333
31MAR2024,QLD,Griffith,3042
31MAR2024,QLD,Groom,5164
31MAR2024,QLD,Herbert,5512
31MAR2024,QLD,Hinkler,5746
31MAR2024,QLD,Kennedy,4208
31MAR2024,QLD,Leichhardt,4115
31MAR2024,QLD,Lilley,3806
31MAR2024,QLD,Longman,6820
31MAR2024,QLD,Maranoa,4262
31MAR2024,QLD,McPherson,3322
31MAR2024,QLD,Moncrieff,3524
31MAR2024,QLD,Moreton,3676
31MAR2024,QLD,Other,<11
31MAR2024,QLD,Oxley,5588
31MAR2024,QLD,Petrie,5681
31MAR2024,QLD,Rankin,5284
31MAR2024,QLD,Ryan,3075
31MAR2024,QLD,Wide Bay,4879
31MAR2024,QLD,Wright,5201
31MAR2024,SA,Adelaide,5246
31MAR2024,SA,Barker,5147
31MAR2024,SA,Boothby,5051
31MAR2024,SA,Grey,4955
31MAR2024,SA,Hindmarsh,4891
31MAR2024,SA,Kingston,5989
31MAR2024,SA,Makin,5596
31MAR2024,SA,Mayo,4916
31MAR2024,SA,Other,<11
31MAR2024,SA,Spence,9768
31MAR2024,SA,Sturt,4324
31MAR2024,TAS,Bass,3070
31MAR2024,TAS,Braddon,2924
31MAR2024,TAS,Clark,2649
31MAR2024,TAS,Franklin,2531
31MAR2024,TAS,Lyons,2773
31MAR2024,VIC,Aston,4017
31MAR2024,VIC,Ballarat,4953
31MAR2024,VIC,Bendigo,6070
31MAR2024,VIC,Bruce,4831
31MAR2024,VIC,Calwell,6245
31MAR2024,VIC,Casey,4466
31MAR2024,VIC,Chisholm,3314
31MAR2024,VIC,Cooper,4237
31MAR2024,VIC,Corangamite,4487
31MAR2024,VIC,Corio,6618
31MAR2024,VIC,Deakin,4894
31MAR2024,VIC,Dunkley,5425
31MAR2024,VIC,Flinders,4264
31MAR2024,VIC,Fraser,4733
31MAR2024,VIC,Gellibrand,4719
31MAR2024,VIC,Gippsland,5041
31MAR2024,VIC,Goldstein,2529
31MAR2024,VIC,Gorton,5128
31MAR2024,VIC,Hawke,6578
31MAR2024,VIC,Higgins,2265
31MAR2024,VIC,Holt,5173
31MAR2024,VIC,Hotham,3971
31MAR2024,VIC,Indi,4690
31MAR2024,VIC,Isaacs,3614
31MAR2024,VIC,Jagajaga,4126
31MAR2024,VIC,Kooyong,2465
31MAR2024,VIC,La Trobe,4525
31MAR2024,VIC,Lalor,6262
31MAR2024,VIC,Macnamara,2817
31MAR2024,VIC,Mallee,5148
31MAR2024,VIC,Maribyrnong,3316
31MAR2024,VIC,McEwen,4687
31MAR2024,VIC,Melbourne,2703
31MAR2024,VIC,Menzies,3312
31MAR2024,VIC,Monash,4266
31MAR2024,VIC,Nicholls,4937
31MAR2024,VIC,Other,<11
31MAR2024,VIC,Scullin,4428
31MAR2024,VIC,Wannon,4631
31MAR2024,VIC,Wills,3863
31MAR2024,WA,Brand,4760
31MAR2024,WA,Burt,4704
31MAR2024,WA,Canning,3586
31MAR2024,WA,Cowan,4161
31MAR2024,WA,Curtin,2468
31MAR2024,WA,Durack,4092
31MAR2024,WA,Forrest,3794
31MAR2024,WA,Fremantle,3541
31MAR2024,WA,Hasluck,4617
31MAR2024,WA,Moore,2842
31MAR2024,WA,O'Connor,3500
31MAR2024,WA,Other,<11
31MAR2024,WA,Pearce,3949
31MAR2024,WA,Perth,3268
31MAR2024,WA,Swan,3694
31MAR2024,WA,Tangney,3187
31DEC2023,ACT,Bean,3918
31DEC2023,ACT,Canberra,2786
31DEC2023,ACT,Fenner,4044
31DEC2023,ACT,Other,<11
31DEC2023,MIS,Other,120
31DEC2023,NSW,Banks,3113
31DEC2023,NSW,Barton,2957
31DEC2023,NSW,Bennelong,3225
31DEC2023,NSW,Berowra,2581
31DEC2023,NSW,Blaxland,4213
31DEC2023,NSW,Bradfield,2341
31DEC2023,NSW,Calare,4840
31DEC2023,NSW,Chifley,5935
31DEC2023,NSW,Cook,2404
31DEC2023,NSW,Cowper,6322
31DEC2023,NSW,Cunningham,3790
31DEC2023,NSW,Dobell,5731
31DEC2023,NSW,Eden-Monaro,3548
31DEC2023,NSW,Farrer,4810
31DEC2023,NSW,Fowler,3903
31DEC2023,NSW,Gilmore,4264
31DEC2023,NSW,Grayndler,2325
31DEC2023,NSW,Greenway,4656
31DEC2023,NSW,Hughes,3020
31DEC2023,NSW,Hume,4690
31DEC2023,NSW,Hunter,6352
31DEC2023,NSW,Kingsford Smith,3220
31DEC2023,NSW,Lindsay,6073
31DEC2023,NSW,Lyne,4748
31DEC2023,NSW,Macarthur,6582
31DEC2023,NSW,Mackellar,2394
31DEC2023,NSW,Macquarie,3931
31DEC2023,NSW,McMahon,4281
31DEC2023,NSW,Mitchell,3428
31DEC2023,NSW,New England,4419
31DEC2023,NSW,Newcastle,5554
31DEC2023,NSW,North Sydney,1986
31DEC2023,NSW,Other,<11
31DEC2023,NSW,Page,5473
31DEC2023,NSW,Parkes,4365
31DEC2023,NSW,Parramatta,4259
31DEC2023,NSW,Paterson,7352
31DEC2023,NSW,Reid,2613
31DEC2023,NSW,Richmond,4308
31DEC2023,NSW,Riverina,4550
31DEC2023,NSW,Robertson,4270
31DEC2023,NSW,Shortland,4856
31DEC2023,NSW,Sydney,2245
31DEC2023,NSW,Warringah,1746
31DEC2023,NSW,Watson,3746
31DEC2023,NSW,Wentworth,1421
31DEC2023,NSW,Werriwa,5086
31DEC2023,NSW,Whitlam,4722
31DEC2023,NT,Lingiari,3091
31DEC2023,NT,Other,<11
31DEC2023,NT,Solomon,2808
31DEC2023,OT,Other,73
31DEC2023,QLD,Blair,6949
31DEC2023,QLD,Bonner,3552
31DEC2023,QLD,Bowman,4548
31DEC2023,QLD,Brisbane,2987
31DEC2023,QLD,Capricornia,4673
31DEC2023,QLD,Dawson,4211
31DEC2023,QLD,Dickson,4313
31DEC2023,QLD,Fadden,5100
31DEC2023,QLD,Fairfax,4303
31DEC2023,QLD,Fisher,4651
31DEC2023,QLD,Flynn,4866
31DEC2023,QLD,Forde,6238
31DEC2023,QLD,Griffith,3021
31DEC2023,QLD,Groom,5128
31DEC2023,QLD,Herbert,5522
31DEC2023,QLD,Hinkler,5750
31DEC2023,QLD,Kennedy,4182
31DEC2023,QLD,Leichhardt,4070
31DEC2023,QLD,Lilley,3763
31DEC2023,QLD,Longman,6744
31DEC2023,QLD,Maranoa,4247
31DEC2023,QLD,McPherson,3304
31DEC2023,QLD,Moncrieff,3541
31DEC2023,QLD,Moreton,3636
31DEC2023,QLD,Other,<11
31DEC2023,QLD,Oxley,5500
31DEC2023,QLD,Petrie,5633
31DEC2023,QLD,Rankin,5244
31DEC2023,QLD,Ryan,3023
31DEC2023,QLD,Wide Bay,4844
31DEC2023,QLD,Wright,5147
31DEC2023,SA,Adelaide,5262
31DEC2023,SA,Barker,5097
31DEC2023,SA,Boothby,5011
31DEC2023,SA,Grey,4944
31DEC2023,SA,Hindmarsh,4867
31DEC2023,SA,Kingston,5979
31DEC2023,SA,Makin,5572
31DEC2023,SA,Mayo,4869
31DEC2023,SA,Other,<11
31DEC2023,SA,Spence,9644
31DEC2023,SA,Sturt,4311
31DEC2023,TAS,Bass,3057
31DEC2023,TAS,Braddon,2900
31DEC2023,TAS,Clark,2647
31DEC2023,TAS,Franklin,2509
31DEC2023,TAS,Lyons,2741
31DEC2023,VIC,Aston,4023
31DEC2023,VIC,Ballarat,4928
31DEC2023,VIC,Bendigo,6068
31DEC2023,VIC,Bruce,4832
31DEC2023,VIC,Calwell,6216
31DEC2023,VIC,Casey,4449
31DEC2023,VIC,Chisholm,3298
31DEC2023,VIC,Cooper,4229
31DEC2023,VIC,Corangamite,4467
31DEC2023,VIC,Corio,6602
31DEC2023,VIC,Deakin,4864
31DEC2023,VIC,Dunkley,5420
31DEC2023,VIC,Flinders,4263
31DEC2023,VIC,Fraser,4734
31DEC2023,VIC,Gellibrand,4684
31DEC2023,VIC,Gippsland,5041
31DEC2023,VIC,Goldstein,2513
31DEC2023,VIC,Gorton,5110
31DEC2023,VIC,Hawke,6531
31DEC2023,VIC,Higgins,2262
31DEC2023,VIC,Holt,5136
31DEC2023,VIC,Hotham,3948
31DEC2023,VIC,Indi,4713
31DEC2023,VIC,Isaacs,3586
31DEC2023,VIC,Jagajaga,4112
31DEC2023,VIC,Kooyong,2471
31DEC2023,VIC,La Trobe,4467
31DEC2023,VIC,Lalor,6254
31DEC2023,VIC,Macnamara,2817
31DEC2023,VIC,Mallee,5168
31DEC2023,VIC,Maribyrnong,3300
31DEC2023,VIC,McEwen,4638
31DEC2023,VIC,Melbourne,2686
31DEC2023,VIC,Menzies,3320
31DEC2023,VIC,Monash,4233
31DEC2023,VIC,Nicholls,4930
31DEC2023,VIC,Other,<11
31DEC2023,VIC,Scullin,4427
31DEC2023,VIC,Wannon,4627
31DEC2023,VIC,Wills,3838
31DEC2023,WA,Brand,4706
31DEC2023,WA,Burt,4660
31DEC2023,WA,Canning,3504
31DEC2023,WA,Cowan,4143
31DEC2023,WA,Curtin,2463
31DEC2023,WA,Durack,4057
31DEC2023,WA,Forrest,3765
31DEC2023,WA,Fremantle,3526
31DEC2023,WA,Hasluck,4596
31DEC2023,WA,Moore,2798
31DEC2023,WA,O'Connor,3465
31DEC2023,WA,Other,<11
31DEC2023,WA,Pearce,3893
31DEC2023,WA,Perth,3235
31DEC2023,WA,Swan,3674
31DEC2023,WA,Tangney,3137
30SEP2023,ACT,Bean,3857
30SEP2023,ACT,Canberra,2762
30SEP2023,ACT,Fenner,3975
30SEP2023,ACT,Other,<11
30SEP2023,MIS,Other,<11
30SEP2023,NSW,Banks,3053
30SEP2023,NSW,Barton,2910
30SEP2023,NSW,Bennelong,3187
30SEP2023,NSW,Berowra,2549
30SEP2023,NSW,Blaxland,4120
30SEP2023,NSW,Bradfield,2329
30SEP2023,NSW,Calare,4752
30SEP2023,NSW,Chifley,5813
30SEP2023,NSW,Cook,2353
30SEP2023,NSW,Cowper,6178
30SEP2023,NSW,Cunningham,3707
30SEP2023,NSW,Dobell,5593
30SEP2023,NSW,Eden-Monaro,3476
30SEP2023,NSW,Farrer,4722
30SEP2023,NSW,Fowler,3835
30SEP2023,NSW,Gilmore,4178
30SEP2023,NSW,Grayndler,2283
30SEP2023,NSW,Greenway,4610
30SEP2023,NSW,Hughes,2974
30SEP2023,NSW,Hume,4566
30SEP2023,NSW,Hunter,6208
30SEP2023,NSW,Kingsford Smith,3172
30SEP2023,NSW,Lindsay,5901
30SEP2023,NSW,Lyne,4686
30SEP2023,NSW,Macarthur,6441
30SEP2023,NSW,Mackellar,2341
30SEP2023,NSW,Macquarie,3873
30SEP2023,NSW,McMahon,4192
30SEP2023,NSW,Mitchell,3353
30SEP2023,NSW,New England,4357
30SEP2023,NSW,Newcastle,5507
30SEP2023,NSW,North Sydney,1935
30SEP2023,NSW,Other,<11
30SEP2023,NSW,Page,5352
30SEP2023,NSW,Parkes,4278
30SEP2023,NSW,Parramatta,4174
30SEP2023,NSW,Paterson,7208
30SEP2023,NSW,Reid,2553
30SEP2023,NSW,Richmond,4242
30SEP2023,NSW,Riverina,4481
30SEP2023,NSW,Robertson,4201
30SEP2023,NSW,Shortland,4759
30SEP2023,NSW,Sydney,2217
30SEP2023,NSW,Warringah,1716
30SEP2023,NSW,Watson,3695
30SEP2023,NSW,Wentworth,1388
30SEP2023,NSW,Werriwa,4958
30SEP2023,NSW,Whitlam,4638
30SEP2023,NT,Lingiari,3007
30SEP2023,NT,Other,<11
30SEP2023,NT,Solomon,2766
30SEP2023,OT,Other,68
30SEP2023,QLD,Blair,6759
30SEP2023,QLD,Bonner,3435
30SEP2023,QLD,Bowman,4401
30SEP2023,QLD,Brisbane,2901
30SEP2023,QLD,Capricornia,4565
30SEP2023,QLD,Dawson,4188
30SEP2023,QLD,Dickson,4149
30SEP2023,QLD,Fadden,4994
30SEP2023,QLD,Fairfax,4181
30SEP2023,QLD,Fisher,4506
30SEP2023,QLD,Flynn,4750
30SEP2023,QLD,Forde,5977
30SEP2023,QLD,Griffith,2947
30SEP2023,QLD,Groom,5028
30SEP2023,QLD,Herbert,5457
30SEP2023,QLD,Hinkler,5659
30SEP2023,QLD,Kennedy,4075
30SEP2023,QLD,Leichhardt,3976
30SEP2023,QLD,Lilley,3633
30SEP2023,QLD,Longman,6454
30SEP2023,QLD,Maranoa,4144
30SEP2023,QLD,McPherson,3235
30SEP2023,QLD,Moncrieff,3460
30SEP2023,QLD,Moreton,3546
30SEP2023,QLD,Other,<11
30SEP2023,QLD,Oxley,5358
30SEP2023,QLD,Petrie,5463
30SEP2023,QLD,Rankin,5028
30SEP2023,QLD,Ryan,2946
30SEP2023,QLD,Wide Bay,4750
30SEP2023,QLD,Wright,4984
30SEP2023,SA,Adelaide,5190
30SEP2023,SA,Barker,4996
30SEP2023,SA,Boothby,4897
30SEP2023,SA,Grey,4839
30SEP2023,SA,Hindmarsh,4778
30SEP2023,SA,Kingston,5844
30SEP2023,SA,Makin,5491
30SEP2023,SA,Mayo,4708
30SEP2023,SA,Other,<11
30SEP2023,SA,Spence,9389
30SEP2023,SA,Sturt,4237
30SEP2023,TAS,Bass,3032
30SEP2023,TAS,Braddon,2860
30SEP2023,TAS,Clark,2624
30SEP2023,TAS,Franklin,2475
30SEP2023,TAS,Lyons,2711
30SEP2023,VIC,Aston,3935
30SEP2023,VIC,Ballarat,4792
30SEP2023,VIC,Bendigo,5920
30SEP2023,VIC,Bruce,4703
30SEP2023,VIC,Calwell,6018
30SEP2023,VIC,Casey,4335
30SEP2023,VIC,Chisholm,3267
30SEP2023,VIC,Cooper,4123
30SEP2023,VIC,Corangamite,4330
30SEP2023,VIC,Corio,6498
30SEP2023,VIC,Deakin,4779
30SEP2023,VIC,Dunkley,5293
30SEP2023,VIC,Flinders,4133
30SEP2023,VIC,Fraser,4583
30SEP2023,VIC,Gellibrand,4585
30SEP2023,VIC,Gippsland,4934
30SEP2023,VIC,Goldstein,2458
30SEP2023,VIC,Gorton,4955
30SEP2023,VIC,Hawke,6320
30SEP2023,VIC,Higgins,2221
30SEP2023,VIC,Holt,5004
30SEP2023,VIC,Hotham,3876
30SEP2023,VIC,Indi,4612
30SEP2023,VIC,Isaacs,3515
30SEP2023,VIC,Jagajaga,3995
30SEP2023,VIC,Kooyong,2419
30SEP2023,VIC,La Trobe,4308
30SEP2023,VIC,Lalor,6065
30SEP2023,VIC,Macnamara,2748
30SEP2023,VIC,Mallee,5048
30SEP2023,VIC,Maribyrnong,3228
30SEP2023,VIC,McEwen,4424
30SEP2023,VIC,Melbourne,2625
30SEP2023,VIC,Menzies,3258
30SEP2023,VIC,Monash,4133
30SEP2023,VIC,Nicholls,4849
30SEP2023,VIC,Other,<11
30SEP2023,VIC,Scullin,4304
30SEP2023,VIC,Wannon,4536
30SEP2023,VIC,Wills,3728
30SEP2023,WA,Brand,4537
30SEP2023,WA,Burt,4525
30SEP2023,WA,Canning,3403
30SEP2023,WA,Cowan,4017
30SEP2023,WA,Curtin,2432
30SEP2023,WA,Durack,3960
30SEP2023,WA,Forrest,3666
30SEP2023,WA,Fremantle,3474
30SEP2023,WA,Hasluck,4502
30SEP2023,WA,Moore,2735
30SEP2023,WA,O'Connor,3387
30SEP2023,WA,Other,<11
30SEP2023,WA,Pearce,3769
30SEP2023,WA,Perth,3168
30SEP2023,WA,Swan,3598
30SEP2023,WA,Tangney,2988
30JUN2023,ACT,Bean,3771
30JUN2023,ACT,Canberra,2685
30JUN2023,ACT,Fenner,3871
30JUN2023,ACT,Other,<11
30JUN2023,MIS,Other,<11
30JUN2023,NSW,Banks,2963
30JUN2023,NSW,Barton,2799
30JUN2023,NSW,Bennelong,3102
30JUN2023,NSW,Berowra,2473
30JUN2023,NSW,Blaxland,3979
30JUN2023,NSW,Bradfield,2234
30JUN2023,NSW,Calare,4624
30JUN2023,NSW,Chifley,5571
30JUN2023,NSW,Cook,2308
30JUN2023,NSW,Cowper,6016
30JUN2023,NSW,Cunningham,3608
30JUN2023,NSW,Dobell,5401
30JUN2023,NSW,Eden-Monaro,3335
30JUN2023,NSW,Farrer,4561
30JUN2023,NSW,Fowler,3708
30JUN2023,NSW,Gilmore,4095
30JUN2023,NSW,Grayndler,2191
30JUN2023,NSW,Greenway,4451
30JUN2023,NSW,Hughes,2892
30JUN2023,NSW,Hume,4403
30JUN2023,NSW,Hunter,5952
30JUN2023,NSW,Kingsford Smith,3067
30JUN2023,NSW,Lindsay,5673
30JUN2023,NSW,Lyne,4561
30JUN2023,NSW,Macarthur,6228
30JUN2023,NSW,Mackellar,2247
30JUN2023,NSW,Macquarie,3757
30JUN2023,NSW,McMahon,4040
30JUN2023,NSW,Mitchell,3219
30JUN2023,NSW,New England,4239
30JUN2023,NSW,Newcastle,5379
30JUN2023,NSW,North Sydney,1866
30JUN2023,NSW,Other,<11
30JUN2023,NSW,Page,5150
30JUN2023,NSW,Parkes,4198
30JUN2023,NSW,Parramatta,4053
30JUN2023,NSW,Paterson,6943
30JUN2023,NSW,Reid,2456
30JUN2023,NSW,Richmond,4066
30JUN2023,NSW,Riverina,4318
30JUN2023,NSW,Robertson,4083
30JUN2023,NSW,Shortland,4602
30JUN2023,NSW,Sydney,2196
30JUN2023,NSW,Warringah,1649
30JUN2023,NSW,Watson,3607
30JUN2023,NSW,Wentworth,1354
30JUN2023,NSW,Werriwa,4802
30JUN2023,NSW,Whitlam,4484
30JUN2023,NT,Lingiari,2904
30JUN2023,NT,Other,<11
30JUN2023,NT,Solomon,2671
30JUN2023,OT,Other,65
30JUN2023,QLD,Blair,6433
30JUN2023,QLD,Bonner,3309
30JUN2023,QLD,Bowman,4203
30JUN2023,QLD,Brisbane,2814
30JUN2023,QLD,Capricornia,4440
30JUN2023,QLD,Dawson,4046
30JUN2023,QLD,Dickson,3942
30JUN2023,QLD,Fadden,4805
30JUN2023,QLD,Fairfax,4032
30JUN2023,QLD,Fisher,4348
30JUN2023,QLD,Flynn,4577
30JUN2023,QLD,Forde,5665
30JUN2023,QLD,Griffith,2820
30JUN2023,QLD,Groom,4871
30JUN2023,QLD,Herbert,5296
30JUN2023,QLD,Hinkler,5495
30JUN2023,QLD,Kennedy,3919
30JUN2023,QLD,Leichhardt,3863
30JUN2023,QLD,Lilley,3515
30JUN2023,QLD,Longman,6164
30JUN2023,QLD,Maranoa,4043
30JUN2023,QLD,McPherson,3151
30JUN2023,QLD,Moncrieff,3364
30JUN2023,QLD,Moreton,3434
30JUN2023,QLD,Other,<11
30JUN2023,QLD,Oxley,5167
30JUN2023,QLD,Petrie,5257
30JUN2023,QLD,Rankin,4770
30JUN2023,QLD,Ryan,2820
30JUN2023,QLD,Wide Bay,4630
30JUN2023,QLD,Wright,4782
30JUN2023,SA,Adelaide,5036
30JUN2023,SA,Barker,4863
30JUN2023,SA,Boothby,4755
30JUN2023,SA,Grey,4713
30JUN2023,SA,Hindmarsh,4627
30JUN2023,SA,Kingston,5612
30JUN2023,SA,Makin,5289
30JUN2023,SA,Mayo,4533
30JUN2023,SA,Other,<11
30JUN2023,SA,Spence,8999
30JUN2023,SA,Sturt,4133
30JUN2023,TAS,Bass,2917
30JUN2023,TAS,Braddon,2830
30JUN2023,TAS,Clark,2562
30JUN2023,TAS,Franklin,2403
30JUN2023,TAS,Lyons,2658
30JUN2023,TAS,Other,<11
30JUN2023,VIC,Aston,3805
30JUN2023,VIC,Ballarat,4634
30JUN2023,VIC,Bendigo,5705
30JUN2023,VIC,Bruce,4538
30JUN2023,VIC,Calwell,5802
30JUN2023,VIC,Casey,4165
30JUN2023,VIC,Chisholm,3208
30JUN2023,VIC,Cooper,4004
30JUN2023,VIC,Corangamite,4198
30JUN2023,VIC,Corio,6355
30JUN2023,VIC,Deakin,4638
30JUN2023,VIC,Dunkley,5113
30JUN2023,VIC,Flinders,3968
30JUN2023,VIC,Fraser,4435
30JUN2023,VIC,Gellibrand,4459
30JUN2023,VIC,Gippsland,4808
30JUN2023,VIC,Goldstein,2361
30JUN2023,VIC,Gorton,4740
30JUN2023,VIC,Hawke,6054
30JUN2023,VIC,Higgins,2149
30JUN2023,VIC,Holt,4801
30JUN2023,VIC,Hotham,3790
30JUN2023,VIC,Indi,4482
30JUN2023,VIC,Isaacs,3395
30JUN2023,VIC,Jagajaga,3867
30JUN2023,VIC,Kooyong,2349
30JUN2023,VIC,La Trobe,4118
30JUN2023,VIC,Lalor,5808
30JUN2023,VIC,Macnamara,2671
30JUN2023,VIC,Mallee,4881
30JUN2023,VIC,Maribyrnong,3132
30JUN2023,VIC,McEwen,4203
30JUN2023,VIC,Melbourne,2517
30JUN2023,VIC,Menzies,3172
30JUN2023,VIC,Monash,4021
30JUN2023,VIC,Nicholls,4696
30JUN2023,VIC,Other,<11
30JUN2023,VIC,Scullin,4169
30JUN2023,VIC,Wannon,4419
30JUN2023,VIC,Wills,3602
30JUN2023,WA,Brand,4395
30JUN2023,WA,Burt,4382
30JUN2023,WA,Canning,3279
30JUN2023,WA,Cowan,3897
30JUN2023,WA,Curtin,2373
30JUN2023,WA,Durack,3839
30JUN2023,WA,Forrest,3538
30JUN2023,WA,Fremantle,3377
30JUN2023,WA,Hasluck,4380
30JUN2023,WA,Moore,2640
30JUN2023,WA,O'Connor,3281
30JUN2023,WA,Other,<11
30JUN2023,WA,Pearce,3599
30JUN2023,WA,Perth,3099
30JUN2023,WA,Swan,3506
30JUN2023,WA,Tangney,2871
31MAR2023,ACT,Bean,3700
31MAR2023,ACT,Canberra,2592
31MAR2023,ACT,Fenner,3767
31MAR2023,ACT,Other,<11
31MAR2023,MIS,Other,<11
31MAR2023,NSW,Banks,2879
31MAR2023,NSW,Barton,2719
31MAR2023,NSW,Bennelong,3010
31MAR2023,NSW,Berowra,2384
31MAR2023,NSW,Blaxland,3899
31MAR2023,NSW,Bradfield,2160
31MAR2023,NSW,Calare,4526
31MAR2023,NSW,Chifley,5371
31MAR2023,NSW,Cook,2228
31MAR2023,NSW,Cowper,5800
31MAR2023,NSW,Cunningham,3502
31MAR2023,NSW,Dobell,5242
31MAR2023,NSW,Eden-Monaro,3258
31MAR2023,NSW,Farrer,4406
31MAR2023,NSW,Fowler,3600
31MAR2023,NSW,Gilmore,3986
31MAR2023,NSW,Grayndler,2128
31MAR2023,NSW,Greenway,4329
31MAR2023,NSW,Hughes,2805
31MAR2023,NSW,Hume,4281
31MAR2023,NSW,Hunter,5743
31MAR2023,NSW,Kingsford Smith,2923
31MAR2023,NSW,Lindsay,5499
31MAR2023,NSW,Lyne,4409
31MAR2023,NSW,Macarthur,5992
31MAR2023,NSW,Mackellar,2195
31MAR2023,NSW,Macquarie,3643
31MAR2023,NSW,McMahon,3945
31MAR2023,NSW,Mitchell,3104
31MAR2023,NSW,New England,4128
31MAR2023,NSW,Newcastle,5246
31MAR2023,NSW,North Sydney,1818
31MAR2023,NSW,Other,<11
31MAR2023,NSW,Page,4992
31MAR2023,NSW,Parkes,4099
31MAR2023,NSW,Parramatta,3923
31MAR2023,NSW,Paterson,6683
31MAR2023,NSW,Reid,2370
31MAR2023,NSW,Richmond,3903
31MAR2023,NSW,Riverina,4204
31MAR2023,NSW,Robertson,3945
31MAR2023,NSW,Shortland,4489
31MAR2023,NSW,Sydney,2120
31MAR2023,NSW,Warringah,1589
31MAR2023,NSW,Watson,3514
31MAR2023,NSW,Wentworth,1310
31MAR2023,NSW,Werriwa,4615
31MAR2023,NSW,Whitlam,4348
31MAR2023,NT,Lingiari,2830
31MAR2023,NT,Other,<11
31MAR2023,NT,Solomon,2613
31MAR2023,OT,Other,64
31MAR2023,QLD,Blair,6219
31MAR2023,QLD,Bonner,3186
31MAR2023,QLD,Bowman,4067
31MAR2023,QLD,Brisbane,2749
31MAR2023,QLD,Capricornia,4298
31MAR2023,QLD,Dawson,3940
31MAR2023,QLD,Dickson,3824
31MAR2023,QLD,Fadden,4627
31MAR2023,QLD,Fairfax,3883
31MAR2023,QLD,Fisher,4175
31MAR2023,QLD,Flynn,4437
31MAR2023,QLD,Forde,5466
31MAR2023,QLD,Griffith,2708
31MAR2023,QLD,Groom,4775
31MAR2023,QLD,Herbert,5144
31MAR2023,QLD,Hinkler,5322
31MAR2023,QLD,Kennedy,3775
31MAR2023,QLD,Leichhardt,3736
31MAR2023,QLD,Lilley,3410
31MAR2023,QLD,Longman,5952
31MAR2023,QLD,Maranoa,3914
31MAR2023,QLD,McPherson,3036
31MAR2023,QLD,Moncrieff,3236
31MAR2023,QLD,Moreton,3331
31MAR2023,QLD,Other,<11
31MAR2023,QLD,Oxley,4923
31MAR2023,QLD,Petrie,5053
31MAR2023,QLD,Rankin,4587
31MAR2023,QLD,Ryan,2724
31MAR2023,QLD,Wide Bay,4477
31MAR2023,QLD,Wright,4562
31MAR2023,SA,Adelaide,4935
31MAR2023,SA,Barker,4735
31MAR2023,SA,Boothby,4680
31MAR2023,SA,Grey,4592
31MAR2023,SA,Hindmarsh,4476
31MAR2023,SA,Kingston,5411
31MAR2023,SA,Makin,5171
31MAR2023,SA,Mayo,4396
31MAR2023,SA,Other,<11
31MAR2023,SA,Spence,8676
31MAR2023,SA,Sturt,4059
31MAR2023,TAS,Bass,2847
31MAR2023,TAS,Braddon,2773
31MAR2023,TAS,Clark,2503
31MAR2023,TAS,Franklin,2317
31MAR2023,TAS,Lyons,2607
31MAR2023,TAS,Other,<11
31MAR2023,VIC,Aston,3685
31MAR2023,VIC,Ballarat,4514
31MAR2023,VIC,Bendigo,5546
31MAR2023,VIC,Bruce,4412
31MAR2023,VIC,Calwell,5630
31MAR2023,VIC,Casey,4068
31MAR2023,VIC,Chisholm,3144
31MAR2023,VIC,Cooper,3893
31MAR2023,VIC,Corangamite,4061
31MAR2023,VIC,Corio,6242
31MAR2023,VIC,Deakin,4551
31MAR2023,VIC,Dunkley,4939
31MAR2023,VIC,Flinders,3856
31MAR2023,VIC,Fraser,4304
31MAR2023,VIC,Gellibrand,4300
31MAR2023,VIC,Gippsland,4706
31MAR2023,VIC,Goldstein,2302
31MAR2023,VIC,Gorton,4571
31MAR2023,VIC,Hawke,5866
31MAR2023,VIC,Higgins,2081
31MAR2023,VIC,Holt,4624
31MAR2023,VIC,Hotham,3738
31MAR2023,VIC,Indi,4354
31MAR2023,VIC,Isaacs,3295
31MAR2023,VIC,Jagajaga,3782
31MAR2023,VIC,Kooyong,2310
31MAR2023,VIC,La Trobe,3928
31MAR2023,VIC,Lalor,5545
31MAR2023,VIC,Macnamara,2605
31MAR2023,VIC,Mallee,4742
31MAR2023,VIC,Maribyrnong,3020
31MAR2023,VIC,McEwen,4003
31MAR2023,VIC,Melbourne,2432
31MAR2023,VIC,Menzies,3120
31MAR2023,VIC,Monash,3907
31MAR2023,VIC,Nicholls,4561
31MAR2023,VIC,Other,<11
31MAR2023,VIC,Scullin,4023
31MAR2023,VIC,Wannon,4318
31MAR2023,VIC,Wills,3494
31MAR2023,WA,Brand,4252
31MAR2023,WA,Burt,4244
31MAR2023,WA,Canning,3177
31MAR2023,WA,Cowan,3819
31MAR2023,WA,Curtin,2306
31MAR2023,WA,Durack,3697
31MAR2023,WA,Forrest,3475
31MAR2023,WA,Fremantle,3276
31MAR2023,WA,Hasluck,4259
31MAR2023,WA,Moore,2562
31MAR2023,WA,O'Connor,3187
31MAR2023,WA,Other,<11
31MAR2023,WA,Pearce,3473
31MAR2023,WA,Perth,3025
31MAR2023,WA,Swan,3444
31MAR2023,WA,Tangney,2813
31DEC2022,ACT,Bean,3609
31DEC2022,ACT,Canberra,2506
31DEC2022,ACT,Fenner,3677
31DEC2022,ACT,Other,<11
31DEC2022,MIS,Other,<11
31DEC2022,NSW,Banks,2805
31DEC2022,NSW,Barton,2657
31DEC2022,NSW,Bennelong,2949
31DEC2022,NSW,Berowra,2329
31DEC2022,NSW,Blaxland,3808
31DEC2022,NSW,Bradfield,2080
31DEC2022,NSW,Calare,4428
31DEC2022,NSW,Chifley,5145
31DEC2022,NSW,Cook,2149
31DEC2022,NSW,Cowper,5617
31DEC2022,NSW,Cunningham,3408
31DEC2022,NSW,Dobell,5114
31DEC2022,NSW,Eden-Monaro,3161
31DEC2022,NSW,Farrer,4286
31DEC2022,NSW,Fowler,3513
31DEC2022,NSW,Gilmore,3887
31DEC2022,NSW,Grayndler,2075
31DEC2022,NSW,Greenway,4193
31DEC2022,NSW,Hughes,2711
31DEC2022,NSW,Hume,4131
31DEC2022,NSW,Hunter,5548
31DEC2022,NSW,Kingsford Smith,2821
31DEC2022,NSW,Lindsay,5344
31DEC2022,NSW,Lyne,4289
31DEC2022,NSW,Macarthur,5779
31DEC2022,NSW,Mackellar,2137
31DEC2022,NSW,Macquarie,3539
31DEC2022,NSW,McMahon,3835
31DEC2022,NSW,Mitchell,3016
31DEC2022,NSW,New England,4005
31DEC2022,NSW,Newcastle,5133
31DEC2022,NSW,North Sydney,1773
31DEC2022,NSW,Other,<11
31DEC2022,NSW,Page,4866
31DEC2022,NSW,Parkes,3991
31DEC2022,NSW,Parramatta,3820
31DEC2022,NSW,Paterson,6482
31DEC2022,NSW,Reid,2287
31DEC2022,NSW,Richmond,3786
31DEC2022,NSW,Riverina,4082
31DEC2022,NSW,Robertson,3833
31DEC2022,NSW,Shortland,4389
31DEC2022,NSW,Sydney,2072
31DEC2022,NSW,Warringah,1533
31DEC2022,NSW,Watson,3420
31DEC2022,NSW,Wentworth,1277
31DEC2022,NSW,Werriwa,4448
31DEC2022,NSW,Whitlam,4224
31DEC2022,NT,Lingiari,2765
31DEC2022,NT,Other,<11
31DEC2022,NT,Solomon,2531
31DEC2022,OT,Other,63
31DEC2022,QLD,Blair,6003
31DEC2022,QLD,Bonner,3086
31DEC2022,QLD,Bowman,3868
31DEC2022,QLD,Brisbane,2660
31DEC2022,QLD,Capricornia,4155
31DEC2022,QLD,Dawson,3826
31DEC2022,QLD,Dickson,3658
31DEC2022,QLD,Fadden,4484
31DEC2022,QLD,Fairfax,3761
31DEC2022,QLD,Fisher,4019
31DEC2022,QLD,Flynn,4289
31DEC2022,QLD,Forde,5186
31DEC2022,QLD,Griffith,2588
31DEC2022,QLD,Groom,4687
31DEC2022,QLD,Herbert,4977
31DEC2022,QLD,Hinkler,5162
31DEC2022,QLD,Kennedy,3653
31DEC2022,QLD,Leichhardt,3615
31DEC2022,QLD,Lilley,3277
31DEC2022,QLD,Longman,5688
31DEC2022,QLD,Maranoa,3791
31DEC2022,QLD,McPherson,2939
31DEC2022,QLD,Moncrieff,3120
31DEC2022,QLD,Moreton,3204
31DEC2022,QLD,Other,<11
31DEC2022,QLD,Oxley,4662
31DEC2022,QLD,Petrie,4865
31DEC2022,QLD,Rankin,4392
31DEC2022,QLD,Ryan,2626
31DEC2022,QLD,Wide Bay,4299
31DEC2022,QLD,Wright,4346
31DEC2022,SA,Adelaide,4815
31DEC2022,SA,Barker,4618
31DEC2022,SA,Boothby,4597
31DEC2022,SA,Grey,4444
31DEC2022,SA,Hindmarsh,4338
31DEC2022,SA,Kingston,5217
31DEC2022,SA,Makin,5000
31DEC2022,SA,Mayo,4267
31DEC2022,SA,Other,<11
31DEC2022,SA,Spence,8406
31DEC2022,SA,Sturt,3951
31DEC2022,TAS,Bass,2807
31DEC2022,TAS,Braddon,2727
31DEC2022,TAS,Clark,2473
31DEC2022,TAS,Franklin,2257
31DEC2022,TAS,Lyons,2553
31DEC2022,TAS,Other,<11
31DEC2022,VIC,Aston,3606
31DEC2022,VIC,Ballarat,4392
31DEC2022,VIC,Bendigo,5355
31DEC2022,VIC,Bruce,4317
31DEC2022,VIC,Calwell,5419
31DEC2022,VIC,Casey,3928
31DEC2022,VIC,Chisholm,3097
31DEC2022,VIC,Cooper,3782
31DEC2022,VIC,Corangamite,3898
31DEC2022,VIC,Corio,6098
31DEC2022,VIC,Deakin,4442
31DEC2022,VIC,Dunkley,4767
31DEC2022,VIC,Flinders,3701
31DEC2022,VIC,Fraser,4170
31DEC2022,VIC,Gellibrand,4135
31DEC2022,VIC,Gippsland,4581
31DEC2022,VIC,Goldstein,2244
31DEC2022,VIC,Gorton,4325
31DEC2022,VIC,Hawke,5605
31DEC2022,VIC,Higgins,2018
31DEC2022,VIC,Holt,4453
31DEC2022,VIC,Hotham,3638
31DEC2022,VIC,Indi,4262
31DEC2022,VIC,Isaacs,3139
31DEC2022,VIC,Jagajaga,3664
31DEC2022,VIC,Kooyong,2236
31DEC2022,VIC,La Trobe,3782
31DEC2022,VIC,Lalor,5243
31DEC2022,VIC,Macnamara,2538
31DEC2022,VIC,Mallee,4624
31DEC2022,VIC,Maribyrnong,2903
31DEC2022,VIC,McEwen,3793
31DEC2022,VIC,Melbourne,2338
31DEC2022,VIC,Menzies,3028
31DEC2022,VIC,Monash,3792
31DEC2022,VIC,Nicholls,4422
31DEC2022,VIC,Other,<11
31DEC2022,VIC,Scullin,3851
31DEC2022,VIC,Wannon,4240
31DEC2022,VIC,Wills,3367
31DEC2022,WA,Brand,4087
31DEC2022,WA,Burt,4083
31DEC2022,WA,Canning,3074
31DEC2022,WA,Cowan,3720
31DEC2022,WA,Curtin,2251
31DEC2022,WA,Durack,3550
31DEC2022,WA,Forrest,3385
31DEC2022,WA,Fremantle,3160
31DEC2022,WA,Hasluck,4109
31DEC2022,WA,Moore,2502
31DEC2022,WA,O'Connor,3108
31DEC2022,WA,Other,<11
31DEC2022,WA,Pearce,3347
31DEC2022,WA,Perth,2969
31DEC2022,WA,Swan,3358
31DEC2022,WA,Tangney,2731
30SEP2022,ACT,Bean,3539
30SEP2022,ACT,Canberra,2446
30SEP2022,ACT,Fenner,3582
30SEP2022,ACT,Other,<11
30SEP2022,MIS,Other,<11
30SEP2022,NSW,Banks,2722
30SEP2022,NSW,Barton,2570
30SEP2022,NSW,Bennelong,2873
30SEP2022,NSW,Berowra,2258
30SEP2022,NSW,Blaxland,3701
30SEP2022,NSW,Bradfield,2012
30SEP2022,NSW,Calare,4283
30SEP2022,NSW,Chifley,4961
30SEP2022,NSW,Cook,2085
30SEP2022,NSW,Cowper,5454
30SEP2022,NSW,Cunningham,3290
30SEP2022,NSW,Dobell,4983
30SEP2022,NSW,Eden-Monaro,3100
30SEP2022,NSW,Farrer,4153
30SEP2022,NSW,Fowler,3414
30SEP2022,NSW,Gilmore,3783
30SEP2022,NSW,Grayndler,1995
30SEP2022,NSW,Greenway,4012
30SEP2022,NSW,Hughes,2622
30SEP2022,NSW,Hume,3994
30SEP2022,NSW,Hunter,5371
30SEP2022,NSW,Kingsford Smith,2743
30SEP2022,NSW,Lindsay,5189
30SEP2022,NSW,Lyne,4181
30SEP2022,NSW,Macarthur,5568
30SEP2022,NSW,Mackellar,2063
30SEP2022,NSW,Macquarie,3433
30SEP2022,NSW,McMahon,3697
30SEP2022,NSW,Mitchell,2905
30SEP2022,NSW,New England,3888
30SEP2022,NSW,Newcastle,5036
30SEP2022,NSW,North Sydney,1734
30SEP2022,NSW,Other,<11
30SEP2022,NSW,Page,4746
30SEP2022,NSW,Parkes,3828
30SEP2022,NSW,Parramatta,3694
30SEP2022,NSW,Paterson,6275
30SEP2022,NSW,Reid,2215
30SEP2022,NSW,Richmond,3677
30SEP2022,NSW,Riverina,3973
30SEP2022,NSW,Robertson,3730
30SEP2022,NSW,Shortland,4233
30SEP2022,NSW,Sydney,2008
30SEP2022,NSW,Warringah,1497
30SEP2022,NSW,Watson,3325
30SEP2022,NSW,Wentworth,1247
30SEP2022,NSW,Werriwa,4324
30SEP2022,NSW,Whitlam,4117
30SEP2022,NT,Lingiari,2677
30SEP2022,NT,Other,<11
30SEP2022,NT,Solomon,2423
30SEP2022,OT,Other,61
30SEP2022,QLD,Blair,5802
30SEP2022,QLD,Bonner,2993
30SEP2022,QLD,Bowman,3709
30SEP2022,QLD,Brisbane,2584
30SEP2022,QLD,Capricornia,4000
30SEP2022,QLD,Dawson,3705
30SEP2022,QLD,Dickson,3512
30SEP2022,QLD,Fadden,4275
30SEP2022,QLD,Fairfax,3612
30SEP2022,QLD,Fisher,3852
30SEP2022,QLD,Flynn,4140
30SEP2022,QLD,Forde,4952
30SEP2022,QLD,Griffith,2521
30SEP2022,QLD,Groom,4593
30SEP2022,QLD,Herbert,4802
30SEP2022,QLD,Hinkler,4993
30SEP2022,QLD,Kennedy,3547
30SEP2022,QLD,Leichhardt,3460
30SEP2022,QLD,Lilley,3177
30SEP2022,QLD,Longman,5454
30SEP2022,QLD,Maranoa,3672
30SEP2022,QLD,McPherson,2831
30SEP2022,QLD,Moncrieff,3032
30SEP2022,QLD,Moreton,3113
30SEP2022,QLD,Other,<11
30SEP2022,QLD,Oxley,4455
30SEP2022,QLD,Petrie,4685
30SEP2022,QLD,Rankin,4247
30SEP2022,QLD,Ryan,2548
30SEP2022,QLD,Wide Bay,4168
30SEP2022,QLD,Wright,4147
30SEP2022,SA,Adelaide,4671
30SEP2022,SA,Barker,4483
30SEP2022,SA,Boothby,4482
30SEP2022,SA,Grey,4319
30SEP2022,SA,Hindmarsh,4206
30SEP2022,SA,Kingston,5064
30SEP2022,SA,Makin,4832
30SEP2022,SA,Mayo,4137
30SEP2022,SA,Other,<11
30SEP2022,SA,Spence,8091
30SEP2022,SA,Sturt,3884
30SEP2022,TAS,Bass,2735
30SEP2022,TAS,Braddon,2676
30SEP2022,TAS,Clark,2399
30SEP2022,TAS,Franklin,2186
30SEP2022,TAS,Lyons,2496
30SEP2022,TAS,Other,<11
30SEP2022,VIC,Aston,3515
30SEP2022,VIC,Ballarat,4217
30SEP2022,VIC,Bendigo,5165
30SEP2022,VIC,Bruce,4188
30SEP2022,VIC,Calwell,5235
30SEP2022,VIC,Casey,3806
30SEP2022,VIC,Chisholm,3004
30SEP2022,VIC,Cooper,3670
30SEP2022,VIC,Corangamite,3762
30SEP2022,VIC,Corio,5935
30SEP2022,VIC,Deakin,4316
30SEP2022,VIC,Dunkley,4583
30SEP2022,VIC,Flinders,3577
30SEP2022,VIC,Fraser,4026
30SEP2022,VIC,Gellibrand,3984
30SEP2022,VIC,Gippsland,4448
30SEP2022,VIC,Goldstein,2195
30SEP2022,VIC,Gorton,4134
30SEP2022,VIC,Hawke,5357
30SEP2022,VIC,Higgins,1978
30SEP2022,VIC,Holt,4261
30SEP2022,VIC,Hotham,3521
30SEP2022,VIC,Indi,4139
30SEP2022,VIC,Isaacs,3053
30SEP2022,VIC,Jagajaga,3564
30SEP2022,VIC,Kooyong,2179
30SEP2022,VIC,La Trobe,3604
30SEP2022,VIC,Lalor,5008
30SEP2022,VIC,Macnamara,2453
30SEP2022,VIC,Mallee,4492
30SEP2022,VIC,Maribyrnong,2794
30SEP2022,VIC,McEwen,3601
30SEP2022,VIC,Melbourne,2256
30SEP2022,VIC,Menzies,2944
30SEP2022,VIC,Monash,3656
30SEP2022,VIC,Nicholls,4303
30SEP2022,VIC,Other,<11
30SEP2022,VIC,Scullin,3714
30SEP2022,VIC,Wannon,4139
30SEP2022,VIC,Wills,3227
30SEP2022,WA,Brand,3925
30SEP2022,WA,Burt,3964
30SEP2022,WA,Canning,2946
30SEP2022,WA,Cowan,3605
30SEP2022,WA,Curtin,2197
30SEP2022,WA,Durack,3454
30SEP2022,WA,Forrest,3299
30SEP2022,WA,Fremantle,3085
30SEP2022,WA,Hasluck,4012
30SEP2022,WA,Moore,2421
30SEP2022,WA,O'Connor,3046
30SEP2022,WA,Other,<11
30SEP2022,WA,Pearce,3213
30SEP2022,WA,Perth,2886
30SEP2022,WA,Swan,3253
30SEP2022,WA,Tangney,2644
30JUN2022,ACT,Bean,3443
30JUN2022,ACT,Canberra,2403
30JUN2022,ACT,Fenner,3502
30JUN2022,ACT,Other,<11
30JUN2022,MIS,Other,<11
30JUN2022,NSW,Banks,2633
30JUN2022,NSW,Barton,2460
30JUN2022,NSW,Bennelong,2787
30JUN2022,NSW,Berowra,2187
30JUN2022,NSW,Blaxland,3556
30JUN2022,NSW,Bradfield,1968
30JUN2022,NSW,Calare,4139
30JUN2022,NSW,Chifley,4699
30JUN2022,NSW,Cook,2006
30JUN2022,NSW,Cowper,5253
30JUN2022,NSW,Cunningham,3189
30JUN2022,NSW,Dobell,4816
30JUN2022,NSW,Eden-Monaro,3028
30JUN2022,NSW,Farrer,3979
30JUN2022,NSW,Fowler,3329
30JUN2022,NSW,Gilmore,3674
30JUN2022,NSW,Grayndler,1912
30JUN2022,NSW,Greenway,3816
30JUN2022,NSW,Hughes,2532
30JUN2022,NSW,Hume,3815
30JUN2022,NSW,Hunter,5187
30JUN2022,NSW,Kingsford Smith,2652
30JUN2022,NSW,Lindsay,4998
30JUN2022,NSW,Lyne,4009
30JUN2022,NSW,Macarthur,5333
30JUN2022,NSW,Mackellar,2019
30JUN2022,NSW,Macquarie,3320
30JUN2022,NSW,McMahon,3549
30JUN2022,NSW,Mitchell,2738
30JUN2022,NSW,New England,3754
30JUN2022,NSW,Newcastle,4896
30JUN2022,NSW,North Sydney,1679
30JUN2022,NSW,Other,<11
30JUN2022,NSW,Page,4587
30JUN2022,NSW,Parkes,3689
30JUN2022,NSW,Parramatta,3543
30JUN2022,NSW,Paterson,6082
30JUN2022,NSW,Reid,2128
30JUN2022,NSW,Richmond,3563
30JUN2022,NSW,Riverina,3832
30JUN2022,NSW,Robertson,3621
30JUN2022,NSW,Shortland,4112
30JUN2022,NSW,Sydney,1943
30JUN2022,NSW,Warringah,1458
30JUN2022,NSW,Watson,3222
30JUN2022,NSW,Wentworth,1193
30JUN2022,NSW,Werriwa,4149
30JUN2022,NSW,Whitlam,4008
30JUN2022,NT,Lingiari,2571
30JUN2022,NT,Other,<11
30JUN2022,NT,Solomon,2319
30JUN2022,OT,Other,57
30JUN2022,QLD,Blair,5510
30JUN2022,QLD,Bonner,2902
30JUN2022,QLD,Bowman,3564
30JUN2022,QLD,Brisbane,2506
30JUN2022,QLD,Capricornia,3818
30JUN2022,QLD,Dawson,3567
30JUN2022,QLD,Dickson,3392
30JUN2022,QLD,Fadden,4056
30JUN2022,QLD,Fairfax,3508
30JUN2022,QLD,Fisher,3662
30JUN2022,QLD,Flynn,3950
30JUN2022,QLD,Forde,4725
30JUN2022,QLD,Griffith,2440
30JUN2022,QLD,Groom,4429
30JUN2022,QLD,Herbert,4567
30JUN2022,QLD,Hinkler,4853
30JUN2022,QLD,Kennedy,3403
30JUN2022,QLD,Leichhardt,3269
30JUN2022,QLD,Lilley,3078
30JUN2022,QLD,Longman,5227
30JUN2022,QLD,Maranoa,3519
30JUN2022,QLD,McPherson,2686
30JUN2022,QLD,Moncrieff,2926
30JUN2022,QLD,Moreton,3003
30JUN2022,QLD,Other,<11
30JUN2022,QLD,Oxley,4309
30JUN2022,QLD,Petrie,4493
30JUN2022,QLD,Rankin,4111
30JUN2022,QLD,Ryan,2437
30JUN2022,QLD,Wide Bay,3996
30JUN2022,QLD,Wright,3918
30JUN2022,SA,Adelaide,4466
30JUN2022,SA,Barker,4349
30JUN2022,SA,Boothby,4386
30JUN2022,SA,Grey,4153
30JUN2022,SA,Hindmarsh,4082
30JUN2022,SA,Kingston,4921
30JUN2022,SA,Makin,4690
30JUN2022,SA,Mayo,3967
30JUN2022,SA,Other,<11
30JUN2022,SA,Spence,7844
30JUN2022,SA,Sturt,3775
30JUN2022,TAS,Bass,2627
30JUN2022,TAS,Braddon,2623
30JUN2022,TAS,Clark,2329
30JUN2022,TAS,Franklin,2107
30JUN2022,TAS,Lyons,2417
30JUN2022,TAS,Other,<11
30JUN2022,VIC,Aston,3394
30JUN2022,VIC,Ballarat,4039
30JUN2022,VIC,Bendigo,4965
30JUN2022,VIC,Bruce,3999
30JUN2022,VIC,Calwell,4964
30JUN2022,VIC,Casey,3663
30JUN2022,VIC,Chisholm,2930
30JUN2022,VIC,Cooper,3556
30JUN2022,VIC,Corangamite,3621
30JUN2022,VIC,Corio,5768
30JUN2022,VIC,Deakin,4202
30JUN2022,VIC,Dunkley,4401
30JUN2022,VIC,Flinders,3459
30JUN2022,VIC,Fraser,3858
30JUN2022,VIC,Gellibrand,3767
30JUN2022,VIC,Gippsland,4296
30JUN2022,VIC,Goldstein,2123
30JUN2022,VIC,Gorton,3932
30JUN2022,VIC,Hawke,5136
30JUN2022,VIC,Higgins,1909
30JUN2022,VIC,Holt,4035
30JUN2022,VIC,Hotham,3372
30JUN2022,VIC,Indi,4005
30JUN2022,VIC,Isaacs,2996
30JUN2022,VIC,Jagajaga,3485
30JUN2022,VIC,Kooyong,2121
30JUN2022,VIC,La Trobe,3383
30JUN2022,VIC,Lalor,4733
30JUN2022,VIC,Macnamara,2373
30JUN2022,VIC,Mallee,4325
30JUN2022,VIC,Maribyrnong,2677
30JUN2022,VIC,McEwen,3410
30JUN2022,VIC,Melbourne,2209
30JUN2022,VIC,Menzies,2850
30JUN2022,VIC,Monash,3509
30JUN2022,VIC,Nicholls,4123
30JUN2022,VIC,Other,<11
30JUN2022,VIC,Scullin,3567
30JUN2022,VIC,Wannon,4005
30JUN2022,VIC,Wills,3078
30JUN2022,WA,Brand,3806
30JUN2022,WA,Burt,3835
30JUN2022,WA,Canning,2830
30JUN2022,WA,Cowan,3498
30JUN2022,WA,Curtin,2137
30JUN2022,WA,Durack,3352
30JUN2022,WA,Forrest,3217
30JUN2022,WA,Fremantle,2969
30JUN2022,WA,Hasluck,3884
30JUN2022,WA,Moore,2326
30JUN2022,WA,O'Connor,2990
30JUN2022,WA,Other,<11
30JUN2022,WA,Pearce,3086
30JUN2022,WA,Perth,2803
30JUN2022,WA,Swan,3203
30JUN2022,WA,Tangney,2554
