RprtDt,StateCd,SrvcDstrctNm,PrtcpntCnt
31DEC2024,ACT,ACT,277
31DEC2024,NSW,ACT,<11
31DEC2024,NSW,Central Coast,351
31DEC2024,NSW,Far West,14
31DEC2024,NSW,Hunter New England,900
31DEC2024,NSW,Illawarra Shoalhaven,403
31DEC2024,NSW,Mid North Coast,178
31DEC2024,NSW,Murrumbidgee,305
31DEC2024,NSW,Nepean Blue Mountains,474
31DEC2024,NSW,North Sydney,792
31DEC2024,NSW,Northern NSW,257
31DEC2024,NSW,South Eastern Sydney,529
31DEC2024,NSW,South Western Sydney,740
31DEC2024,NSW,Southern NSW,151
31DEC2024,NSW,Sydney,196
31DEC2024,NSW,Western NSW,349
31DEC2024,NSW,Western Sydney,932
31DEC2024,NT,Barkly,<11
31DEC2024,NT,Central Australia,42
31DEC2024,NT,Darwin Remote,<11
31DEC2024,NT,Darwin Urban,123
31DEC2024,NT,East Arnhem,<11
31DEC2024,NT,Katherine,22
31DEC2024,NT,Other,<11
31DEC2024,QLD,Beenleigh,398
31DEC2024,QLD,Brisbane,623
31DEC2024,QLD,Bundaberg,100
31DEC2024,QLD,Caboolture/Strathpine,383
31DEC2024,QLD,Cairns,152
31DEC2024,QLD,Ipswich,277
31DEC2024,QLD,Mackay,62
31DEC2024,QLD,Maroochydore,247
31DEC2024,QLD,Maryborough,135
31DEC2024,QLD,Robina,318
31DEC2024,QLD,Rockhampton,125
31DEC2024,QLD,Toowoomba,244
31DEC2024,QLD,Townsville,167
31DEC2024,SA,Adelaide Hills,48
31DEC2024,SA,"Barossa, Light and Lower North",42
31DEC2024,SA,Eastern Adelaide,225
31DEC2024,SA,Eyre and Western,25
31DEC2024,SA,Far North (SA),13
31DEC2024,SA,Fleurieu and Kangaroo Island,42
31DEC2024,SA,Limestone Coast,51
31DEC2024,SA,Murray and Mallee,68
31DEC2024,SA,Northern Adelaide,723
31DEC2024,SA,Other,<11
31DEC2024,SA,Southern Adelaide,570
31DEC2024,SA,Western Adelaide,168
31DEC2024,SA,Yorke and Mid North,30
31DEC2024,TAS,TAS North,99
31DEC2024,TAS,TAS North West,76
31DEC2024,TAS,TAS South East,56
31DEC2024,TAS,TAS South West,77
31DEC2024,VIC,Barwon,438
31DEC2024,VIC,Bayside Peninsula,841
31DEC2024,VIC,Brimbank Melton,289
31DEC2024,VIC,Central Highlands,335
31DEC2024,VIC,Goulburn,139
31DEC2024,VIC,Hume Moreland,243
31DEC2024,VIC,Inner East Melbourne,713
31DEC2024,VIC,Inner Gippsland,162
31DEC2024,VIC,Loddon,247
31DEC2024,VIC,Mallee,92
31DEC2024,VIC,North East Melbourne,752
31DEC2024,VIC,Other,<11
31DEC2024,VIC,Outer East Melbourne,473
31DEC2024,VIC,Outer Gippsland,79
31DEC2024,VIC,Ovens Murray,133
31DEC2024,VIC,Southern Melbourne,457
31DEC2024,VIC,Western District,268
31DEC2024,VIC,Western Melbourne,480
31DEC2024,WA,Central North Metro,190
31DEC2024,WA,Central South Metro,139
31DEC2024,WA,Goldfields-Esperance,14
31DEC2024,WA,Great Southern,24
31DEC2024,WA,Kimberley-Pilbara,<11
31DEC2024,WA,Midwest-Gascoyne,23
31DEC2024,WA,North East Metro,259
31DEC2024,WA,North Metro,168
31DEC2024,WA,South East Metro,252
31DEC2024,WA,South Metro,177
31DEC2024,WA,South West,51
31DEC2024,WA,Wheat Belt,<11
30SEP2024,ACT,ACT,274
30SEP2024,NSW,Central Coast,339
30SEP2024,NSW,Far West,14
30SEP2024,NSW,Hunter New England,891
30SEP2024,NSW,Illawarra Shoalhaven,404
30SEP2024,NSW,Mid North Coast,175
30SEP2024,NSW,Murrumbidgee,299
30SEP2024,NSW,Nepean Blue Mountains,467
30SEP2024,NSW,North Sydney,795
30SEP2024,NSW,Northern NSW,258
30SEP2024,NSW,South Eastern Sydney,521
30SEP2024,NSW,South Western Sydney,734
30SEP2024,NSW,Southern NSW,153
30SEP2024,NSW,Sydney,190
30SEP2024,NSW,Western NSW,356
30SEP2024,NSW,Western Sydney,934
30SEP2024,NT,Barkly,<11
30SEP2024,NT,Central Australia,44
30SEP2024,NT,Darwin Urban,115
30SEP2024,NT,East Arnhem,<11
30SEP2024,NT,Katherine,21
30SEP2024,NT,Other,<11
30SEP2024,QLD,Beenleigh,382
30SEP2024,QLD,Brisbane,594
30SEP2024,QLD,Bundaberg,95
30SEP2024,QLD,Caboolture/Strathpine,364
30SEP2024,QLD,Cairns,135
30SEP2024,QLD,Ipswich,269
30SEP2024,QLD,Mackay,57
30SEP2024,QLD,Maroochydore,238
30SEP2024,QLD,Maryborough,127
30SEP2024,QLD,Robina,313
30SEP2024,QLD,Rockhampton,120
30SEP2024,QLD,Toowoomba,227
30SEP2024,QLD,Townsville,161
30SEP2024,SA,Adelaide Hills,45
30SEP2024,SA,"Barossa, Light and Lower North",43
30SEP2024,SA,Eastern Adelaide,218
30SEP2024,SA,Eyre and Western,26
30SEP2024,SA,Far North (SA),12
30SEP2024,SA,Fleurieu and Kangaroo Island,42
30SEP2024,SA,Limestone Coast,51
30SEP2024,SA,Murray and Mallee,64
30SEP2024,SA,Northern Adelaide,706
30SEP2024,SA,Other,<11
30SEP2024,SA,Southern Adelaide,567
30SEP2024,SA,Western Adelaide,169
30SEP2024,SA,Yorke and Mid North,33
30SEP2024,TAS,TAS North,93
30SEP2024,TAS,TAS North West,78
30SEP2024,TAS,TAS South East,53
30SEP2024,TAS,TAS South West,81
30SEP2024,VIC,Barwon,417
30SEP2024,VIC,Bayside Peninsula,811
30SEP2024,VIC,Brimbank Melton,275
30SEP2024,VIC,Central Highlands,321
30SEP2024,VIC,Goulburn,130
30SEP2024,VIC,Hume Moreland,230
30SEP2024,VIC,Inner East Melbourne,716
30SEP2024,VIC,Inner Gippsland,150
30SEP2024,VIC,Loddon,236
30SEP2024,VIC,Mallee,90
30SEP2024,VIC,North East Melbourne,734
30SEP2024,VIC,Other,<11
30SEP2024,VIC,Outer East Melbourne,468
30SEP2024,VIC,Outer Gippsland,79
30SEP2024,VIC,Ovens Murray,130
30SEP2024,VIC,Southern Melbourne,420
30SEP2024,VIC,Western District,268
30SEP2024,VIC,Western Melbourne,469
30SEP2024,WA,Central North Metro,204
30SEP2024,WA,Central South Metro,130
30SEP2024,WA,Goldfields-Esperance,17
30SEP2024,WA,Great Southern,24
30SEP2024,WA,Kimberley-Pilbara,<11
30SEP2024,WA,Midwest-Gascoyne,21
30SEP2024,WA,North East Metro,263
30SEP2024,WA,North Metro,156
30SEP2024,WA,South East Metro,238
30SEP2024,WA,South Metro,164
30SEP2024,WA,South West,48
30SEP2024,WA,Wheat Belt,<11
30JUN2024,ACT,ACT,295
30JUN2024,NSW,Central Coast,364
30JUN2024,NSW,Far West,15
30JUN2024,NSW,Hunter New England,932
30JUN2024,NSW,Illawarra Shoalhaven,434
30JUN2024,NSW,Mid North Coast,194
30JUN2024,NSW,Murrumbidgee,316
30JUN2024,NSW,Nepean Blue Mountains,478
30JUN2024,NSW,North Sydney,838
30JUN2024,NSW,Northern NSW,279
30JUN2024,NSW,South Eastern Sydney,556
30JUN2024,NSW,South Western Sydney,783
30JUN2024,NSW,Southern NSW,153
30JUN2024,NSW,Sydney,200
30JUN2024,NSW,Western NSW,370
30JUN2024,NSW,Western Sydney,976
30JUN2024,NT,Barkly,<11
30JUN2024,NT,Central Australia,53
30JUN2024,NT,Darwin Remote,<11
30JUN2024,NT,Darwin Urban,123
30JUN2024,NT,East Arnhem,<11
30JUN2024,NT,Katherine,20
30JUN2024,NT,Other,<11
30JUN2024,QLD,Beenleigh,386
30JUN2024,QLD,Brisbane,619
30JUN2024,QLD,Bundaberg,100
30JUN2024,QLD,Caboolture/Strathpine,373
30JUN2024,QLD,Cairns,146
30JUN2024,QLD,Ipswich,271
30JUN2024,QLD,Mackay,63
30JUN2024,QLD,Maroochydore,245
30JUN2024,QLD,Maryborough,136
30JUN2024,QLD,Robina,327
30JUN2024,QLD,Rockhampton,130
30JUN2024,QLD,Toowoomba,239
30JUN2024,QLD,Townsville,166
30JUN2024,SA,Adelaide Hills,43
30JUN2024,SA,"Barossa, Light and Lower North",45
30JUN2024,SA,Eastern Adelaide,237
30JUN2024,SA,Eyre and Western,29
30JUN2024,SA,Far North (SA),14
30JUN2024,SA,Fleurieu and Kangaroo Island,42
30JUN2024,SA,Limestone Coast,56
30JUN2024,SA,Murray and Mallee,68
30JUN2024,SA,Northern Adelaide,737
30JUN2024,SA,Other,<11
30JUN2024,SA,Southern Adelaide,604
30JUN2024,SA,Western Adelaide,183
30JUN2024,SA,Yorke and Mid North,36
30JUN2024,TAS,TAS North,107
30JUN2024,TAS,TAS North West,93
30JUN2024,TAS,TAS South East,61
30JUN2024,TAS,TAS South West,102
30JUN2024,VIC,Barwon,427
30JUN2024,VIC,Bayside Peninsula,846
30JUN2024,VIC,Brimbank Melton,286
30JUN2024,VIC,Central Highlands,334
30JUN2024,VIC,Goulburn,136
30JUN2024,VIC,Hume Moreland,243
30JUN2024,VIC,Inner East Melbourne,748
30JUN2024,VIC,Inner Gippsland,161
30JUN2024,VIC,Loddon,251
30JUN2024,VIC,Mallee,92
30JUN2024,VIC,North East Melbourne,757
30JUN2024,VIC,Other,<11
30JUN2024,VIC,Outer East Melbourne,491
30JUN2024,VIC,Outer Gippsland,83
30JUN2024,VIC,Ovens Murray,138
30JUN2024,VIC,Southern Melbourne,436
30JUN2024,VIC,Western District,275
30JUN2024,VIC,Western Melbourne,477
30JUN2024,WA,Central North Metro,229
30JUN2024,WA,Central South Metro,149
30JUN2024,WA,Goldfields-Esperance,22
30JUN2024,WA,Great Southern,27
30JUN2024,WA,Kimberley-Pilbara,16
30JUN2024,WA,Midwest-Gascoyne,24
30JUN2024,WA,North East Metro,290
30JUN2024,WA,North Metro,172
30JUN2024,WA,South East Metro,254
30JUN2024,WA,South Metro,180
30JUN2024,WA,South West,58
30JUN2024,WA,Wheat Belt,<11
31MAR2024,ACT,ACT,321
31MAR2024,NSW,Central Coast,382
31MAR2024,NSW,Far West,19
31MAR2024,NSW,Hunter New England,981
31MAR2024,NSW,Illawarra Shoalhaven,457
31MAR2024,NSW,Mid North Coast,203
31MAR2024,NSW,Murrumbidgee,332
31MAR2024,NSW,Nepean Blue Mountains,505
31MAR2024,NSW,North Sydney,871
31MAR2024,NSW,Northern NSW,294
31MAR2024,NSW,South Eastern Sydney,580
31MAR2024,NSW,South Western Sydney,861
31MAR2024,NSW,Southern NSW,156
31MAR2024,NSW,Sydney,223
31MAR2024,NSW,Western NSW,383
31MAR2024,NSW,Western Sydney,1006
31MAR2024,NT,Barkly,<11
31MAR2024,NT,Central Australia,64
31MAR2024,NT,Darwin Remote,<11
31MAR2024,NT,Darwin Urban,137
31MAR2024,NT,East Arnhem,<11
31MAR2024,NT,Katherine,23
31MAR2024,NT,Other,<11
31MAR2024,QLD,Beenleigh,393
31MAR2024,QLD,Brisbane,640
31MAR2024,QLD,Bundaberg,108
31MAR2024,QLD,Caboolture/Strathpine,404
31MAR2024,QLD,Cairns,156
31MAR2024,QLD,Ipswich,298
31MAR2024,QLD,Mackay,67
31MAR2024,QLD,Maroochydore,258
31MAR2024,QLD,Maryborough,144
31MAR2024,QLD,Robina,338
31MAR2024,QLD,Rockhampton,141
31MAR2024,QLD,Toowoomba,267
31MAR2024,QLD,Townsville,176
31MAR2024,SA,Adelaide Hills,47
31MAR2024,SA,"Barossa, Light and Lower North",48
31MAR2024,SA,Eastern Adelaide,244
31MAR2024,SA,Eyre and Western,40
31MAR2024,SA,Far North (SA),18
31MAR2024,SA,Fleurieu and Kangaroo Island,44
31MAR2024,SA,Limestone Coast,63
31MAR2024,SA,Murray and Mallee,73
31MAR2024,SA,Northern Adelaide,780
31MAR2024,SA,Other,<11
31MAR2024,SA,Southern Adelaide,638
31MAR2024,SA,Western Adelaide,196
31MAR2024,SA,Yorke and Mid North,40
31MAR2024,TAS,TAS North,131
31MAR2024,TAS,TAS North West,113
31MAR2024,TAS,TAS South East,84
31MAR2024,TAS,TAS South West,141
31MAR2024,VIC,Barwon,452
31MAR2024,VIC,Bayside Peninsula,903
31MAR2024,VIC,Brimbank Melton,303
31MAR2024,VIC,Central Highlands,348
31MAR2024,VIC,Goulburn,141
31MAR2024,VIC,Hume Moreland,274
31MAR2024,VIC,Inner East Melbourne,774
31MAR2024,VIC,Inner Gippsland,174
31MAR2024,VIC,Loddon,272
31MAR2024,VIC,Mallee,98
31MAR2024,VIC,North East Melbourne,800
31MAR2024,VIC,Other,<11
31MAR2024,VIC,Outer East Melbourne,511
31MAR2024,VIC,Outer Gippsland,96
31MAR2024,VIC,Ovens Murray,143
31MAR2024,VIC,Southern Melbourne,463
31MAR2024,VIC,Western District,282
31MAR2024,VIC,Western Melbourne,492
31MAR2024,WA,Central North Metro,269
31MAR2024,WA,Central South Metro,166
31MAR2024,WA,Goldfields-Esperance,29
31MAR2024,WA,Great Southern,28
31MAR2024,WA,Kimberley-Pilbara,20
31MAR2024,WA,Midwest-Gascoyne,27
31MAR2024,WA,North East Metro,309
31MAR2024,WA,North Metro,181
31MAR2024,WA,South East Metro,280
31MAR2024,WA,South Metro,200
31MAR2024,WA,South West,68
31MAR2024,WA,Wheat Belt,13
31DEC2023,ACT,ACT,333
31DEC2023,MIS,Other,<11
31DEC2023,NSW,Central Coast,386
31DEC2023,NSW,Far West,19
31DEC2023,NSW,Hunter New England,1028
31DEC2023,NSW,Illawarra Shoalhaven,474
31DEC2023,NSW,Mid North Coast,216
31DEC2023,NSW,Murrumbidgee,339
31DEC2023,NSW,Nepean Blue Mountains,528
31DEC2023,NSW,North Sydney,896
31DEC2023,NSW,Northern NSW,301
31DEC2023,NSW,South Eastern Sydney,605
31DEC2023,NSW,South Western Sydney,900
31DEC2023,NSW,Southern NSW,160
31DEC2023,NSW,Sydney,231
31DEC2023,NSW,Western NSW,395
31DEC2023,NSW,Western Sydney,1048
31DEC2023,NT,Barkly,<11
31DEC2023,NT,Central Australia,75
31DEC2023,NT,Darwin Remote,<11
31DEC2023,NT,Darwin Urban,147
31DEC2023,NT,East Arnhem,<11
31DEC2023,NT,Katherine,28
31DEC2023,NT,Other,<11
31DEC2023,QLD,Beenleigh,412
31DEC2023,QLD,Brisbane,675
31DEC2023,QLD,Bundaberg,110
31DEC2023,QLD,Caboolture/Strathpine,413
31DEC2023,QLD,Cairns,168
31DEC2023,QLD,Ipswich,295
31DEC2023,QLD,Mackay,71
31DEC2023,QLD,Maroochydore,273
31DEC2023,QLD,Maryborough,149
31DEC2023,QLD,Robina,367
31DEC2023,QLD,Rockhampton,151
31DEC2023,QLD,Toowoomba,281
31DEC2023,QLD,Townsville,189
31DEC2023,SA,Adelaide Hills,48
31DEC2023,SA,"Barossa, Light and Lower North",53
31DEC2023,SA,Eastern Adelaide,255
31DEC2023,SA,Eyre and Western,42
31DEC2023,SA,Far North (SA),22
31DEC2023,SA,Fleurieu and Kangaroo Island,46
31DEC2023,SA,Limestone Coast,68
31DEC2023,SA,Murray and Mallee,74
31DEC2023,SA,Northern Adelaide,813
31DEC2023,SA,Other,<11
31DEC2023,SA,Southern Adelaide,676
31DEC2023,SA,Western Adelaide,202
31DEC2023,SA,Yorke and Mid North,42
31DEC2023,TAS,TAS North,149
31DEC2023,TAS,TAS North West,133
31DEC2023,TAS,TAS South East,96
31DEC2023,TAS,TAS South West,163
31DEC2023,VIC,Barwon,465
31DEC2023,VIC,Bayside Peninsula,930
31DEC2023,VIC,Brimbank Melton,316
31DEC2023,VIC,Central Highlands,354
31DEC2023,VIC,Goulburn,146
31DEC2023,VIC,Hume Moreland,286
31DEC2023,VIC,Inner East Melbourne,807
31DEC2023,VIC,Inner Gippsland,181
31DEC2023,VIC,Loddon,296
31DEC2023,VIC,Mallee,106
31DEC2023,VIC,North East Melbourne,831
31DEC2023,VIC,Other,<11
31DEC2023,VIC,Outer East Melbourne,524
31DEC2023,VIC,Outer Gippsland,101
31DEC2023,VIC,Ovens Murray,152
31DEC2023,VIC,Southern Melbourne,489
31DEC2023,VIC,Western District,293
31DEC2023,VIC,Western Melbourne,503
31DEC2023,WA,Central North Metro,290
31DEC2023,WA,Central South Metro,187
31DEC2023,WA,Goldfields-Esperance,29
31DEC2023,WA,Great Southern,30
31DEC2023,WA,Kimberley-Pilbara,22
31DEC2023,WA,Midwest-Gascoyne,28
31DEC2023,WA,North East Metro,330
31DEC2023,WA,North Metro,197
31DEC2023,WA,South East Metro,303
31DEC2023,WA,South Metro,207
31DEC2023,WA,South West,75
31DEC2023,WA,Wheat Belt,14
30SEP2023,ACT,ACT,338
30SEP2023,NSW,Central Coast,396
30SEP2023,NSW,Far West,18
30SEP2023,NSW,Hunter New England,1033
30SEP2023,NSW,Illawarra Shoalhaven,467
30SEP2023,NSW,Mid North Coast,221
30SEP2023,NSW,Murrumbidgee,336
30SEP2023,NSW,Nepean Blue Mountains,530
30SEP2023,NSW,North Sydney,899
30SEP2023,NSW,Northern NSW,302
30SEP2023,NSW,South Eastern Sydney,616
30SEP2023,NSW,South Western Sydney,893
30SEP2023,NSW,Southern NSW,165
30SEP2023,NSW,Sydney,246
30SEP2023,NSW,Western NSW,398
30SEP2023,NSW,Western Sydney,1038
30SEP2023,NT,Barkly,<11
30SEP2023,NT,Central Australia,76
30SEP2023,NT,Darwin Remote,<11
30SEP2023,NT,Darwin Urban,151
30SEP2023,NT,East Arnhem,<11
30SEP2023,NT,Katherine,29
30SEP2023,NT,Other,<11
30SEP2023,QLD,Beenleigh,404
30SEP2023,QLD,Brisbane,670
30SEP2023,QLD,Bundaberg,110
30SEP2023,QLD,Caboolture/Strathpine,408
30SEP2023,QLD,Cairns,168
30SEP2023,QLD,Ipswich,323
30SEP2023,QLD,Mackay,72
30SEP2023,QLD,Maroochydore,283
30SEP2023,QLD,Maryborough,149
30SEP2023,QLD,Robina,367
30SEP2023,QLD,Rockhampton,158
30SEP2023,QLD,Toowoomba,296
30SEP2023,QLD,Townsville,180
30SEP2023,SA,Adelaide Hills,46
30SEP2023,SA,"Barossa, Light and Lower North",53
30SEP2023,SA,Eastern Adelaide,260
30SEP2023,SA,Eyre and Western,43
30SEP2023,SA,Far North (SA),20
30SEP2023,SA,Fleurieu and Kangaroo Island,48
30SEP2023,SA,Limestone Coast,67
30SEP2023,SA,Murray and Mallee,76
30SEP2023,SA,Northern Adelaide,830
30SEP2023,SA,Southern Adelaide,679
30SEP2023,SA,Western Adelaide,202
30SEP2023,SA,Yorke and Mid North,43
30SEP2023,TAS,TAS North,157
30SEP2023,TAS,TAS North West,148
30SEP2023,TAS,TAS South East,109
30SEP2023,TAS,TAS South West,173
30SEP2023,VIC,Barwon,470
30SEP2023,VIC,Bayside Peninsula,945
30SEP2023,VIC,Brimbank Melton,313
30SEP2023,VIC,Central Highlands,361
30SEP2023,VIC,Goulburn,144
30SEP2023,VIC,Hume Moreland,293
30SEP2023,VIC,Inner East Melbourne,816
30SEP2023,VIC,Inner Gippsland,186
30SEP2023,VIC,Loddon,297
30SEP2023,VIC,Mallee,105
30SEP2023,VIC,North East Melbourne,831
30SEP2023,VIC,Other,<11
30SEP2023,VIC,Outer East Melbourne,535
30SEP2023,VIC,Outer Gippsland,100
30SEP2023,VIC,Ovens Murray,153
30SEP2023,VIC,Southern Melbourne,476
30SEP2023,VIC,Western District,297
30SEP2023,VIC,Western Melbourne,499
30SEP2023,WA,Central North Metro,297
30SEP2023,WA,Central South Metro,190
30SEP2023,WA,Goldfields-Esperance,27
30SEP2023,WA,Great Southern,29
30SEP2023,WA,Kimberley-Pilbara,23
30SEP2023,WA,Midwest-Gascoyne,28
30SEP2023,WA,North East Metro,339
30SEP2023,WA,North Metro,198
30SEP2023,WA,South East Metro,301
30SEP2023,WA,South Metro,221
30SEP2023,WA,South West,79
30SEP2023,WA,Wheat Belt,13
30JUN2023,ACT,ACT,329
30JUN2023,NSW,Central Coast,400
30JUN2023,NSW,Far West,17
30JUN2023,NSW,Hunter New England,1025
30JUN2023,NSW,Illawarra Shoalhaven,469
30JUN2023,NSW,Mid North Coast,227
30JUN2023,NSW,Murrumbidgee,336
30JUN2023,NSW,Nepean Blue Mountains,521
30JUN2023,NSW,North Sydney,904
30JUN2023,NSW,Northern NSW,299
30JUN2023,NSW,South Eastern Sydney,615
30JUN2023,NSW,South Western Sydney,869
30JUN2023,NSW,Southern NSW,169
30JUN2023,NSW,Sydney,248
30JUN2023,NSW,Western NSW,400
30JUN2023,NSW,Western Sydney,1014
30JUN2023,NT,Central Australia,72
30JUN2023,NT,Darwin Urban,158
30JUN2023,NT,Katherine,28
30JUN2023,NT,Other,19
30JUN2023,QLD,Beenleigh,372
30JUN2023,QLD,Brisbane,645
30JUN2023,QLD,Bundaberg,110
30JUN2023,QLD,Caboolture/Strathpine,393
30JUN2023,QLD,Cairns,162
30JUN2023,QLD,Ipswich,337
30JUN2023,QLD,Mackay,69
30JUN2023,QLD,Maroochydore,277
30JUN2023,QLD,Maryborough,145
30JUN2023,QLD,Robina,368
30JUN2023,QLD,Rockhampton,159
30JUN2023,QLD,Toowoomba,292
30JUN2023,QLD,Townsville,171
30JUN2023,SA,Adelaide Hills,43
30JUN2023,SA,"Barossa, Light and Lower North",52
30JUN2023,SA,Eastern Adelaide,260
30JUN2023,SA,Eyre and Western,43
30JUN2023,SA,Far North (SA),18
30JUN2023,SA,Fleurieu and Kangaroo Island,46
30JUN2023,SA,Limestone Coast,68
30JUN2023,SA,Murray and Mallee,77
30JUN2023,SA,Northern Adelaide,825
30JUN2023,SA,Southern Adelaide,681
30JUN2023,SA,Western Adelaide,196
30JUN2023,SA,Yorke and Mid North,40
30JUN2023,TAS,TAS North,159
30JUN2023,TAS,TAS North West,148
30JUN2023,TAS,TAS South East,108
30JUN2023,TAS,TAS South West,178
30JUN2023,VIC,Barwon,469
30JUN2023,VIC,Bayside Peninsula,943
30JUN2023,VIC,Brimbank Melton,303
30JUN2023,VIC,Central Highlands,353
30JUN2023,VIC,Goulburn,136
30JUN2023,VIC,Hume Moreland,295
30JUN2023,VIC,Inner East Melbourne,825
30JUN2023,VIC,Inner Gippsland,186
30JUN2023,VIC,Loddon,294
30JUN2023,VIC,Mallee,108
30JUN2023,VIC,North East Melbourne,832
30JUN2023,VIC,Other,<11
30JUN2023,VIC,Outer East Melbourne,534
30JUN2023,VIC,Outer Gippsland,96
30JUN2023,VIC,Ovens Murray,151
30JUN2023,VIC,Southern Melbourne,461
30JUN2023,VIC,Western District,296
30JUN2023,VIC,Western Melbourne,486
30JUN2023,WA,Central North Metro,303
30JUN2023,WA,Central South Metro,184
30JUN2023,WA,Goldfields-Esperance,25
30JUN2023,WA,Great Southern,29
30JUN2023,WA,Kimberley-Pilbara,21
30JUN2023,WA,Midwest-Gascoyne,27
30JUN2023,WA,North East Metro,348
30JUN2023,WA,North Metro,199
30JUN2023,WA,South East Metro,308
30JUN2023,WA,South Metro,222
30JUN2023,WA,South West,82
30JUN2023,WA,Wheat Belt,14
31MAR2023,ACT,ACT,322
31MAR2023,NSW,Central Coast,394
31MAR2023,NSW,Far West,15
31MAR2023,NSW,Hunter New England,1022
31MAR2023,NSW,Illawarra Shoalhaven,460
31MAR2023,NSW,Mid North Coast,219
31MAR2023,NSW,Murrumbidgee,334
31MAR2023,NSW,Nepean Blue Mountains,517
31MAR2023,NSW,North Sydney,899
31MAR2023,NSW,Northern NSW,297
31MAR2023,NSW,South Eastern Sydney,614
31MAR2023,NSW,South Western Sydney,833
31MAR2023,NSW,Southern NSW,164
31MAR2023,NSW,Sydney,246
31MAR2023,NSW,Western NSW,388
31MAR2023,NSW,Western Sydney,1003
31MAR2023,NT,Central Australia,70
31MAR2023,NT,Darwin Urban,163
31MAR2023,NT,Katherine,28
31MAR2023,NT,Other,16
31MAR2023,QLD,Beenleigh,342
31MAR2023,QLD,Brisbane,644
31MAR2023,QLD,Bundaberg,102
31MAR2023,QLD,Caboolture/Strathpine,360
31MAR2023,QLD,Cairns,166
31MAR2023,QLD,Ipswich,333
31MAR2023,QLD,Mackay,69
31MAR2023,QLD,Maroochydore,263
31MAR2023,QLD,Maryborough,138
31MAR2023,QLD,Other,<11
31MAR2023,QLD,Robina,347
31MAR2023,QLD,Rockhampton,158
31MAR2023,QLD,Toowoomba,296
31MAR2023,QLD,Townsville,169
31MAR2023,SA,Adelaide Hills,40
31MAR2023,SA,"Barossa, Light and Lower North",54
31MAR2023,SA,Eastern Adelaide,260
31MAR2023,SA,Eyre and Western,42
31MAR2023,SA,Far North (SA),17
31MAR2023,SA,Fleurieu and Kangaroo Island,48
31MAR2023,SA,Limestone Coast,68
31MAR2023,SA,Murray and Mallee,77
31MAR2023,SA,Northern Adelaide,795
31MAR2023,SA,Other,<11
31MAR2023,SA,Southern Adelaide,677
31MAR2023,SA,Western Adelaide,197
31MAR2023,SA,Yorke and Mid North,41
31MAR2023,TAS,TAS North,147
31MAR2023,TAS,TAS North West,140
31MAR2023,TAS,TAS South East,99
31MAR2023,TAS,TAS South West,153
31MAR2023,VIC,Barwon,464
31MAR2023,VIC,Bayside Peninsula,936
31MAR2023,VIC,Brimbank Melton,296
31MAR2023,VIC,Central Highlands,352
31MAR2023,VIC,Goulburn,130
31MAR2023,VIC,Hume Moreland,299
31MAR2023,VIC,Inner East Melbourne,829
31MAR2023,VIC,Inner Gippsland,186
31MAR2023,VIC,Loddon,290
31MAR2023,VIC,Mallee,103
31MAR2023,VIC,North East Melbourne,838
31MAR2023,VIC,Outer East Melbourne,526
31MAR2023,VIC,Outer Gippsland,100
31MAR2023,VIC,Ovens Murray,154
31MAR2023,VIC,Southern Melbourne,443
31MAR2023,VIC,Western District,293
31MAR2023,VIC,Western Melbourne,458
31MAR2023,WA,Central North Metro,309
31MAR2023,WA,Central South Metro,179
31MAR2023,WA,Goldfields-Esperance,20
31MAR2023,WA,Great Southern,24
31MAR2023,WA,Kimberley-Pilbara,24
31MAR2023,WA,Midwest-Gascoyne,25
31MAR2023,WA,North East Metro,348
31MAR2023,WA,North Metro,195
31MAR2023,WA,South East Metro,306
31MAR2023,WA,South Metro,215
31MAR2023,WA,South West,75
31MAR2023,WA,Wheat Belt,15
31DEC2022,ACT,ACT,319
31DEC2022,NSW,Central Coast,377
31DEC2022,NSW,Far West,16
31DEC2022,NSW,Hunter New England,1005
31DEC2022,NSW,Illawarra Shoalhaven,448
31DEC2022,NSW,Mid North Coast,221
31DEC2022,NSW,Murrumbidgee,316
31DEC2022,NSW,Nepean Blue Mountains,501
31DEC2022,NSW,North Sydney,885
31DEC2022,NSW,Northern NSW,289
31DEC2022,NSW,South Eastern Sydney,604
31DEC2022,NSW,South Western Sydney,804
31DEC2022,NSW,Southern NSW,161
31DEC2022,NSW,Sydney,244
31DEC2022,NSW,Western NSW,387
31DEC2022,NSW,Western Sydney,968
31DEC2022,NT,Central Australia,68
31DEC2022,NT,Darwin Urban,158
31DEC2022,NT,Katherine,29
31DEC2022,NT,Other,14
31DEC2022,QLD,Beenleigh,313
31DEC2022,QLD,Brisbane,625
31DEC2022,QLD,Bundaberg,101
31DEC2022,QLD,Caboolture/Strathpine,336
31DEC2022,QLD,Cairns,159
31DEC2022,QLD,Ipswich,322
31DEC2022,QLD,Mackay,66
31DEC2022,QLD,Maroochydore,255
31DEC2022,QLD,Maryborough,134
31DEC2022,QLD,Other,<11
31DEC2022,QLD,Robina,327
31DEC2022,QLD,Rockhampton,154
31DEC2022,QLD,Toowoomba,291
31DEC2022,QLD,Townsville,151
31DEC2022,SA,Adelaide Hills,42
31DEC2022,SA,"Barossa, Light and Lower North",54
31DEC2022,SA,Eastern Adelaide,245
31DEC2022,SA,Eyre and Western,41
31DEC2022,SA,Far North (SA),17
31DEC2022,SA,Fleurieu and Kangaroo Island,50
31DEC2022,SA,Limestone Coast,65
31DEC2022,SA,Murray and Mallee,74
31DEC2022,SA,Northern Adelaide,768
31DEC2022,SA,Southern Adelaide,654
31DEC2022,SA,Western Adelaide,193
31DEC2022,SA,Yorke and Mid North,44
31DEC2022,TAS,TAS North,142
31DEC2022,TAS,TAS North West,135
31DEC2022,TAS,TAS South East,97
31DEC2022,TAS,TAS South West,155
31DEC2022,VIC,Barwon,452
31DEC2022,VIC,Bayside Peninsula,902
31DEC2022,VIC,Brimbank Melton,285
31DEC2022,VIC,Central Highlands,344
31DEC2022,VIC,Goulburn,123
31DEC2022,VIC,Hume Moreland,292
31DEC2022,VIC,Inner East Melbourne,822
31DEC2022,VIC,Inner Gippsland,176
31DEC2022,VIC,Loddon,287
31DEC2022,VIC,Mallee,102
31DEC2022,VIC,North East Melbourne,830
31DEC2022,VIC,Outer East Melbourne,540
31DEC2022,VIC,Outer Gippsland,97
31DEC2022,VIC,Ovens Murray,153
31DEC2022,VIC,Southern Melbourne,425
31DEC2022,VIC,Western District,295
31DEC2022,VIC,Western Melbourne,435
31DEC2022,WA,Central North Metro,295
31DEC2022,WA,Central South Metro,161
31DEC2022,WA,Goldfields-Esperance,16
31DEC2022,WA,Great Southern,24
31DEC2022,WA,Kimberley-Pilbara,19
31DEC2022,WA,Midwest-Gascoyne,23
31DEC2022,WA,North East Metro,364
31DEC2022,WA,North Metro,187
31DEC2022,WA,South East Metro,313
31DEC2022,WA,South Metro,198
31DEC2022,WA,South West,72
31DEC2022,WA,Wheat Belt,12
30SEP2022,ACT,ACT,302
30SEP2022,NSW,Central Coast,359
30SEP2022,NSW,Far West,14
30SEP2022,NSW,Hunter New England,950
30SEP2022,NSW,Illawarra Shoalhaven,413
30SEP2022,NSW,Mid North Coast,211
30SEP2022,NSW,Murrumbidgee,301
30SEP2022,NSW,Nepean Blue Mountains,494
30SEP2022,NSW,North Sydney,850
30SEP2022,NSW,Northern NSW,272
30SEP2022,NSW,South Eastern Sydney,584
30SEP2022,NSW,South Western Sydney,746
30SEP2022,NSW,Southern NSW,162
30SEP2022,NSW,Sydney,232
30SEP2022,NSW,Western NSW,374
30SEP2022,NSW,Western Sydney,909
30SEP2022,NT,Central Australia,52
30SEP2022,NT,Darwin Urban,141
30SEP2022,NT,Katherine,25
30SEP2022,NT,Other,<11
30SEP2022,QLD,Beenleigh,292
30SEP2022,QLD,Brisbane,572
30SEP2022,QLD,Bundaberg,95
30SEP2022,QLD,Caboolture/Strathpine,308
30SEP2022,QLD,Cairns,130
30SEP2022,QLD,Ipswich,303
30SEP2022,QLD,Mackay,64
30SEP2022,QLD,Maroochydore,232
30SEP2022,QLD,Maryborough,129
30SEP2022,QLD,Robina,300
30SEP2022,QLD,Rockhampton,142
30SEP2022,QLD,Toowoomba,272
30SEP2022,QLD,Townsville,139
30SEP2022,SA,Adelaide Hills,42
30SEP2022,SA,"Barossa, Light and Lower North",46
30SEP2022,SA,Eastern Adelaide,238
30SEP2022,SA,Eyre and Western,40
30SEP2022,SA,Far North (SA),15
30SEP2022,SA,Fleurieu and Kangaroo Island,50
30SEP2022,SA,Limestone Coast,59
30SEP2022,SA,Murray and Mallee,71
30SEP2022,SA,Northern Adelaide,728
30SEP2022,SA,Other,<11
30SEP2022,SA,Southern Adelaide,627
30SEP2022,SA,Western Adelaide,182
30SEP2022,SA,Yorke and Mid North,40
30SEP2022,TAS,TAS North,131
30SEP2022,TAS,TAS North West,131
30SEP2022,TAS,TAS South East,92
30SEP2022,TAS,TAS South West,144
30SEP2022,VIC,Barwon,436
30SEP2022,VIC,Bayside Peninsula,876
30SEP2022,VIC,Brimbank Melton,265
30SEP2022,VIC,Central Highlands,326
30SEP2022,VIC,Goulburn,121
30SEP2022,VIC,Hume Moreland,278
30SEP2022,VIC,Inner East Melbourne,810
30SEP2022,VIC,Inner Gippsland,167
30SEP2022,VIC,Loddon,281
30SEP2022,VIC,Mallee,104
30SEP2022,VIC,North East Melbourne,808
30SEP2022,VIC,Outer East Melbourne,534
30SEP2022,VIC,Outer Gippsland,88
30SEP2022,VIC,Ovens Murray,157
30SEP2022,VIC,Southern Melbourne,397
30SEP2022,VIC,Western District,285
30SEP2022,VIC,Western Melbourne,396
30SEP2022,WA,Central North Metro,281
30SEP2022,WA,Central South Metro,158
30SEP2022,WA,Goldfields-Esperance,11
30SEP2022,WA,Great Southern,20
30SEP2022,WA,Kimberley-Pilbara,15
30SEP2022,WA,Midwest-Gascoyne,19
30SEP2022,WA,North East Metro,357
30SEP2022,WA,North Metro,183
30SEP2022,WA,Other,<11
30SEP2022,WA,South East Metro,282
30SEP2022,WA,South Metro,176
30SEP2022,WA,South West,66
30JUN2022,ACT,ACT,268
30JUN2022,NSW,Central Coast,327
30JUN2022,NSW,Hunter New England,883
30JUN2022,NSW,Illawarra Shoalhaven,389
30JUN2022,NSW,Mid North Coast,190
30JUN2022,NSW,Murrumbidgee,279
30JUN2022,NSW,Nepean Blue Mountains,455
30JUN2022,NSW,North Sydney,826
30JUN2022,NSW,Northern NSW,259
30JUN2022,NSW,Other,<11
30JUN2022,NSW,South Eastern Sydney,543
30JUN2022,NSW,South Western Sydney,684
30JUN2022,NSW,Southern NSW,150
30JUN2022,NSW,Sydney,210
30JUN2022,NSW,Western NSW,365
30JUN2022,NSW,Western Sydney,855
30JUN2022,NT,Central Australia,46
30JUN2022,NT,Darwin Urban,118
30JUN2022,NT,Katherine,17
30JUN2022,NT,Other,12
30JUN2022,QLD,Beenleigh,237
30JUN2022,QLD,Brisbane,507
30JUN2022,QLD,Bundaberg,87
30JUN2022,QLD,Caboolture/Strathpine,267
30JUN2022,QLD,Cairns,101
30JUN2022,QLD,Ipswich,276
30JUN2022,QLD,Mackay,54
30JUN2022,QLD,Maroochydore,195
30JUN2022,QLD,Maryborough,123
30JUN2022,QLD,Other,<11
30JUN2022,QLD,Robina,261
30JUN2022,QLD,Rockhampton,122
30JUN2022,QLD,Toowoomba,254
30JUN2022,QLD,Townsville,117
30JUN2022,SA,Adelaide Hills,42
30JUN2022,SA,"Barossa, Light and Lower North",39
30JUN2022,SA,Eastern Adelaide,219
30JUN2022,SA,Eyre and Western,36
30JUN2022,SA,Far North (SA),16
30JUN2022,SA,Fleurieu and Kangaroo Island,46
30JUN2022,SA,Limestone Coast,57
30JUN2022,SA,Murray and Mallee,68
30JUN2022,SA,Northern Adelaide,690
30JUN2022,SA,Southern Adelaide,600
30JUN2022,SA,Western Adelaide,171
30JUN2022,SA,Yorke and Mid North,37
30JUN2022,TAS,TAS North,124
30JUN2022,TAS,TAS North West,118
30JUN2022,TAS,TAS South East,83
30JUN2022,TAS,TAS South West,133
30JUN2022,VIC,Barwon,418
30JUN2022,VIC,Bayside Peninsula,824
30JUN2022,VIC,Brimbank Melton,244
30JUN2022,VIC,Central Highlands,312
30JUN2022,VIC,Goulburn,107
30JUN2022,VIC,Hume Moreland,246
30JUN2022,VIC,Inner East Melbourne,791
30JUN2022,VIC,Inner Gippsland,156
30JUN2022,VIC,Loddon,270
30JUN2022,VIC,Mallee,97
30JUN2022,VIC,North East Melbourne,777
30JUN2022,VIC,Outer East Melbourne,514
30JUN2022,VIC,Outer Gippsland,77
30JUN2022,VIC,Ovens Murray,152
30JUN2022,VIC,Southern Melbourne,361
30JUN2022,VIC,Western District,276
30JUN2022,VIC,Western Melbourne,349
30JUN2022,WA,Central North Metro,262
30JUN2022,WA,Central South Metro,134
30JUN2022,WA,Great Southern,18
30JUN2022,WA,Midwest-Gascoyne,18
30JUN2022,WA,North East Metro,333
30JUN2022,WA,North Metro,157
30JUN2022,WA,Other,21
30JUN2022,WA,South East Metro,277
30JUN2022,WA,South Metro,145
30JUN2022,WA,South West,57
31MAR2022,ACT,ACT,246
31MAR2022,MIS,Other,<11
31MAR2022,NSW,Central Coast,301
31MAR2022,NSW,Hunter New England,834
31MAR2022,NSW,Illawarra Shoalhaven,359
31MAR2022,NSW,Mid North Coast,164
31MAR2022,NSW,Murrumbidgee,261
31MAR2022,NSW,Nepean Blue Mountains,426
31MAR2022,NSW,North Sydney,784
31MAR2022,NSW,Northern NSW,231
31MAR2022,NSW,Other,<11
31MAR2022,NSW,South Eastern Sydney,496
31MAR2022,NSW,South Western Sydney,618
31MAR2022,NSW,Southern NSW,145
31MAR2022,NSW,Sydney,190
31MAR2022,NSW,Western NSW,347
31MAR2022,NSW,Western Sydney,796
31MAR2022,NT,Central Australia,34
31MAR2022,NT,Darwin Urban,94
31MAR2022,NT,Katherine,17
31MAR2022,NT,Other,<11
31MAR2022,QLD,Beenleigh,184
31MAR2022,QLD,Brisbane,428
31MAR2022,QLD,Bundaberg,79
31MAR2022,QLD,Caboolture/Strathpine,214
31MAR2022,QLD,Cairns,82
31MAR2022,QLD,Ipswich,249
31MAR2022,QLD,Mackay,45
31MAR2022,QLD,Maroochydore,161
31MAR2022,QLD,Maryborough,105
31MAR2022,QLD,Robina,215
31MAR2022,QLD,Rockhampton,103
31MAR2022,QLD,Toowoomba,239
31MAR2022,QLD,Townsville,94
31MAR2022,SA,Adelaide Hills,35
31MAR2022,SA,"Barossa, Light and Lower North",28
31MAR2022,SA,Eastern Adelaide,193
31MAR2022,SA,Eyre and Western,31
31MAR2022,SA,Far North (SA),14
31MAR2022,SA,Fleurieu and Kangaroo Island,40
31MAR2022,SA,Limestone Coast,49
31MAR2022,SA,Murray and Mallee,62
31MAR2022,SA,Northern Adelaide,636
31MAR2022,SA,Southern Adelaide,565
31MAR2022,SA,Western Adelaide,148
31MAR2022,SA,Yorke and Mid North,33
31MAR2022,TAS,TAS North,111
31MAR2022,TAS,TAS North West,106
31MAR2022,TAS,TAS South East,71
31MAR2022,TAS,TAS South West,120
31MAR2022,VIC,Barwon,385
31MAR2022,VIC,Bayside Peninsula,772
31MAR2022,VIC,Brimbank Melton,208
31MAR2022,VIC,Central Highlands,296
31MAR2022,VIC,Goulburn,100
31MAR2022,VIC,Hume Moreland,229
31MAR2022,VIC,Inner East Melbourne,784
31MAR2022,VIC,Inner Gippsland,148
31MAR2022,VIC,Loddon,264
31MAR2022,VIC,Mallee,88
31MAR2022,VIC,North East Melbourne,749
31MAR2022,VIC,Outer East Melbourne,484
31MAR2022,VIC,Outer Gippsland,70
31MAR2022,VIC,Ovens Murray,148
31MAR2022,VIC,Southern Melbourne,311
31MAR2022,VIC,Western District,271
31MAR2022,VIC,Western Melbourne,317
31MAR2022,WA,Central North Metro,252
31MAR2022,WA,Central South Metro,115
31MAR2022,WA,Great Southern,13
31MAR2022,WA,Midwest-Gascoyne,17
31MAR2022,WA,North East Metro,309
31MAR2022,WA,North Metro,138
31MAR2022,WA,Other,16
31MAR2022,WA,South East Metro,248
31MAR2022,WA,South Metro,117
31MAR2022,WA,South West,46
31DEC2021,ACT,ACT,212
31DEC2021,MIS,Other,<11
31DEC2021,NSW,Central Coast,293
31DEC2021,NSW,Hunter New England,808
31DEC2021,NSW,Illawarra Shoalhaven,347
31DEC2021,NSW,Mid North Coast,156
31DEC2021,NSW,Murrumbidgee,256
31DEC2021,NSW,Nepean Blue Mountains,419
31DEC2021,NSW,North Sydney,764
31DEC2021,NSW,Northern NSW,230
31DEC2021,NSW,Other,<11
31DEC2021,NSW,South Eastern Sydney,477
31DEC2021,NSW,South Western Sydney,593
31DEC2021,NSW,Southern NSW,145
31DEC2021,NSW,Sydney,184
31DEC2021,NSW,Western NSW,340
31DEC2021,NSW,Western Sydney,744
31DEC2021,NT,Central Australia,31
31DEC2021,NT,Darwin Urban,90
31DEC2021,NT,Katherine,15
31DEC2021,NT,Other,<11
31DEC2021,QLD,Beenleigh,169
31DEC2021,QLD,Brisbane,388
31DEC2021,QLD,Bundaberg,68
31DEC2021,QLD,Caboolture/Strathpine,180
31DEC2021,QLD,Cairns,74
31DEC2021,QLD,Ipswich,245
31DEC2021,QLD,Mackay,34
31DEC2021,QLD,Maroochydore,145
31DEC2021,QLD,Maryborough,92
31DEC2021,QLD,Robina,190
31DEC2021,QLD,Rockhampton,90
31DEC2021,QLD,Toowoomba,212
31DEC2021,QLD,Townsville,82
31DEC2021,SA,Adelaide Hills,34
31DEC2021,SA,"Barossa, Light and Lower North",28
31DEC2021,SA,Eastern Adelaide,176
31DEC2021,SA,Eyre and Western,28
31DEC2021,SA,Far North (SA),15
31DEC2021,SA,Fleurieu and Kangaroo Island,38
31DEC2021,SA,Limestone Coast,44
31DEC2021,SA,Murray and Mallee,63
31DEC2021,SA,Northern Adelaide,613
31DEC2021,SA,Southern Adelaide,556
31DEC2021,SA,Western Adelaide,147
31DEC2021,SA,Yorke and Mid North,33
31DEC2021,TAS,TAS North,108
31DEC2021,TAS,TAS North West,97
31DEC2021,TAS,TAS South East,68
31DEC2021,TAS,TAS South West,120
31DEC2021,VIC,Barwon,371
31DEC2021,VIC,Bayside Peninsula,760
31DEC2021,VIC,Brimbank Melton,206
31DEC2021,VIC,Central Highlands,284
31DEC2021,VIC,Goulburn,100
31DEC2021,VIC,Hume Moreland,228
31DEC2021,VIC,Inner East Melbourne,784
31DEC2021,VIC,Inner Gippsland,138
31DEC2021,VIC,Loddon,256
31DEC2021,VIC,Mallee,85
31DEC2021,VIC,North East Melbourne,735
31DEC2021,VIC,Outer East Melbourne,475
31DEC2021,VIC,Outer Gippsland,67
31DEC2021,VIC,Ovens Murray,144
31DEC2021,VIC,Southern Melbourne,295
31DEC2021,VIC,Western District,266
31DEC2021,VIC,Western Melbourne,301
31DEC2021,WA,Central North Metro,251
31DEC2021,WA,Central South Metro,100
31DEC2021,WA,Great Southern,13
31DEC2021,WA,Midwest-Gascoyne,16
31DEC2021,WA,North East Metro,312
31DEC2021,WA,North Metro,129
31DEC2021,WA,Other,<11
31DEC2021,WA,South East Metro,245
31DEC2021,WA,South Metro,109
31DEC2021,WA,South West,39
30SEP2021,ACT,ACT,184
30SEP2021,NSW,Central Coast,269
30SEP2021,NSW,Hunter New England,798
30SEP2021,NSW,Illawarra Shoalhaven,339
30SEP2021,NSW,Mid North Coast,151
30SEP2021,NSW,Murrumbidgee,249
30SEP2021,NSW,Nepean Blue Mountains,409
30SEP2021,NSW,North Sydney,763
30SEP2021,NSW,Northern NSW,223
30SEP2021,NSW,Other,<11
30SEP2021,NSW,South Eastern Sydney,460
30SEP2021,NSW,South Western Sydney,492
30SEP2021,NSW,Southern NSW,141
30SEP2021,NSW,Sydney,262
30SEP2021,NSW,Western NSW,334
30SEP2021,NSW,Western Sydney,703
30SEP2021,NT,Central Australia,31
30SEP2021,NT,Darwin Urban,82
30SEP2021,NT,Katherine,14
30SEP2021,NT,Other,<11
30SEP2021,QLD,Beenleigh,155
30SEP2021,QLD,Brisbane,371
30SEP2021,QLD,Bundaberg,65
30SEP2021,QLD,Caboolture/Strathpine,152
30SEP2021,QLD,Cairns,60
30SEP2021,QLD,Ipswich,232
30SEP2021,QLD,Mackay,30
30SEP2021,QLD,Maroochydore,132
30SEP2021,QLD,Maryborough,80
30SEP2021,QLD,Robina,159
30SEP2021,QLD,Rockhampton,83
30SEP2021,QLD,Toowoomba,203
30SEP2021,QLD,Townsville,71
30SEP2021,SA,Adelaide Hills,38
30SEP2021,SA,"Barossa, Light and Lower North",28
30SEP2021,SA,Eastern Adelaide,161
30SEP2021,SA,Eyre and Western,27
30SEP2021,SA,Far North (SA),16
30SEP2021,SA,Fleurieu and Kangaroo Island,38
30SEP2021,SA,Limestone Coast,41
30SEP2021,SA,Murray and Mallee,66
30SEP2021,SA,Northern Adelaide,571
30SEP2021,SA,Southern Adelaide,544
30SEP2021,SA,Western Adelaide,140
30SEP2021,SA,Yorke and Mid North,30
30SEP2021,TAS,TAS North,104
30SEP2021,TAS,TAS North West,100
30SEP2021,TAS,TAS South East,68
30SEP2021,TAS,TAS South West,124
30SEP2021,VIC,Barwon,363
30SEP2021,VIC,Bayside Peninsula,746
30SEP2021,VIC,Brimbank Melton,199
30SEP2021,VIC,Central Highlands,274
30SEP2021,VIC,Goulburn,96
30SEP2021,VIC,Hume Moreland,221
30SEP2021,VIC,Inner East Melbourne,778
30SEP2021,VIC,Inner Gippsland,134
30SEP2021,VIC,Loddon,255
30SEP2021,VIC,Mallee,83
30SEP2021,VIC,North East Melbourne,717
30SEP2021,VIC,Outer East Melbourne,470
30SEP2021,VIC,Outer Gippsland,65
30SEP2021,VIC,Ovens Murray,142
30SEP2021,VIC,Southern Melbourne,277
30SEP2021,VIC,Western District,269
30SEP2021,VIC,Western Melbourne,294
30SEP2021,WA,Central North Metro,241
30SEP2021,WA,Central South Metro,96
30SEP2021,WA,Great Southern,13
30SEP2021,WA,Midwest-Gascoyne,15
30SEP2021,WA,North East Metro,307
30SEP2021,WA,North Metro,127
30SEP2021,WA,Other,<11
30SEP2021,WA,South East Metro,234
30SEP2021,WA,South Metro,86
30SEP2021,WA,South West,35
30JUN2021,ACT,ACT,170
30JUN2021,NSW,Central Coast,265
30JUN2021,NSW,Hunter New England,799
30JUN2021,NSW,Illawarra Shoalhaven,342
30JUN2021,NSW,Mid North Coast,151
30JUN2021,NSW,Murrumbidgee,253
30JUN2021,NSW,Nepean Blue Mountains,404
30JUN2021,NSW,North Sydney,767
30JUN2021,NSW,Northern NSW,219
30JUN2021,NSW,Other,<11
30JUN2021,NSW,South Eastern Sydney,451
30JUN2021,NSW,South Western Sydney,482
30JUN2021,NSW,Southern NSW,139
30JUN2021,NSW,Sydney,258
30JUN2021,NSW,Western NSW,340
30JUN2021,NSW,Western Sydney,695
30JUN2021,NT,Central Australia,28
30JUN2021,NT,Darwin Urban,81
30JUN2021,NT,Katherine,14
30JUN2021,NT,Other,<11
30JUN2021,QLD,Beenleigh,134
30JUN2021,QLD,Brisbane,342
30JUN2021,QLD,Bundaberg,64
30JUN2021,QLD,Caboolture/Strathpine,133
30JUN2021,QLD,Cairns,56
30JUN2021,QLD,Ipswich,225
30JUN2021,QLD,Mackay,29
30JUN2021,QLD,Maroochydore,117
30JUN2021,QLD,Maryborough,75
30JUN2021,QLD,Robina,136
30JUN2021,QLD,Rockhampton,80
30JUN2021,QLD,Toowoomba,201
30JUN2021,QLD,Townsville,58
30JUN2021,SA,Adelaide Hills,36
30JUN2021,SA,"Barossa, Light and Lower North",25
30JUN2021,SA,Eastern Adelaide,157
30JUN2021,SA,Eyre and Western,30
30JUN2021,SA,Far North (SA),18
30JUN2021,SA,Fleurieu and Kangaroo Island,35
30JUN2021,SA,Limestone Coast,42
30JUN2021,SA,Murray and Mallee,70
30JUN2021,SA,Northern Adelaide,552
30JUN2021,SA,Southern Adelaide,535
30JUN2021,SA,Western Adelaide,146
30JUN2021,SA,Yorke and Mid North,29
30JUN2021,TAS,TAS North,101
30JUN2021,TAS,TAS North West,98
30JUN2021,TAS,TAS South East,67
30JUN2021,TAS,TAS South West,130
30JUN2021,VIC,Barwon,345
30JUN2021,VIC,Bayside Peninsula,745
30JUN2021,VIC,Brimbank Melton,196
30JUN2021,VIC,Central Highlands,262
30JUN2021,VIC,Goulburn,93
30JUN2021,VIC,Hume Moreland,211
30JUN2021,VIC,Inner East Melbourne,773
30JUN2021,VIC,Inner Gippsland,132
30JUN2021,VIC,Loddon,256
30JUN2021,VIC,Mallee,83
30JUN2021,VIC,North East Melbourne,713
30JUN2021,VIC,Outer East Melbourne,467
30JUN2021,VIC,Outer Gippsland,71
30JUN2021,VIC,Ovens Murray,142
30JUN2021,VIC,Southern Melbourne,258
30JUN2021,VIC,Western District,269
30JUN2021,VIC,Western Melbourne,279
30JUN2021,WA,Central North Metro,256
30JUN2021,WA,Central South Metro,92
30JUN2021,WA,Great Southern,15
30JUN2021,WA,Midwest-Gascoyne,19
30JUN2021,WA,North East Metro,304
30JUN2021,WA,North Metro,118
30JUN2021,WA,Other,11
30JUN2021,WA,South East Metro,231
30JUN2021,WA,South Metro,72
30JUN2021,WA,South West,31
31MAR2021,ACT,ACT,158
31MAR2021,NSW,Central Coast,265
31MAR2021,NSW,Hunter New England,803
31MAR2021,NSW,Illawarra Shoalhaven,339
31MAR2021,NSW,Mid North Coast,160
31MAR2021,NSW,Murrumbidgee,254
31MAR2021,NSW,Nepean Blue Mountains,391
31MAR2021,NSW,North Sydney,760
31MAR2021,NSW,Northern NSW,217
31MAR2021,NSW,Other,<11
31MAR2021,NSW,South Eastern Sydney,444
31MAR2021,NSW,South Western Sydney,466
31MAR2021,NSW,Southern NSW,143
31MAR2021,NSW,Sydney,256
31MAR2021,NSW,Western NSW,340
31MAR2021,NSW,Western Sydney,685
31MAR2021,NT,Central Australia,32
31MAR2021,NT,Darwin Urban,79
31MAR2021,NT,Katherine,15
31MAR2021,NT,Other,<11
31MAR2021,QLD,Beenleigh,119
31MAR2021,QLD,Brisbane,328
31MAR2021,QLD,Bundaberg,63
31MAR2021,QLD,Caboolture/Strathpine,127
31MAR2021,QLD,Cairns,59
31MAR2021,QLD,Ipswich,221
31MAR2021,QLD,Mackay,28
31MAR2021,QLD,Maroochydore,112
31MAR2021,QLD,Maryborough,70
31MAR2021,QLD,Robina,123
31MAR2021,QLD,Rockhampton,88
31MAR2021,QLD,Toowoomba,202
31MAR2021,QLD,Townsville,55
31MAR2021,SA,Adelaide Hills,38
31MAR2021,SA,"Barossa, Light and Lower North",23
31MAR2021,SA,Eastern Adelaide,155
31MAR2021,SA,Eyre and Western,27
31MAR2021,SA,Far North (SA),20
31MAR2021,SA,Fleurieu and Kangaroo Island,34
31MAR2021,SA,Limestone Coast,41
31MAR2021,SA,Murray and Mallee,70
31MAR2021,SA,Northern Adelaide,558
31MAR2021,SA,Southern Adelaide,531
31MAR2021,SA,Western Adelaide,141
31MAR2021,SA,Yorke and Mid North,32
31MAR2021,TAS,TAS North,105
31MAR2021,TAS,TAS North West,102
31MAR2021,TAS,TAS South East,63
31MAR2021,TAS,TAS South West,132
31MAR2021,VIC,Barwon,330
31MAR2021,VIC,Bayside Peninsula,742
31MAR2021,VIC,Brimbank Melton,195
31MAR2021,VIC,Central Highlands,253
31MAR2021,VIC,Goulburn,91
31MAR2021,VIC,Hume Moreland,210
31MAR2021,VIC,Inner East Melbourne,771
31MAR2021,VIC,Inner Gippsland,136
31MAR2021,VIC,Loddon,247
31MAR2021,VIC,Mallee,84
31MAR2021,VIC,North East Melbourne,703
31MAR2021,VIC,Outer East Melbourne,443
31MAR2021,VIC,Outer Gippsland,67
31MAR2021,VIC,Ovens Murray,139
31MAR2021,VIC,Southern Melbourne,250
31MAR2021,VIC,Western District,268
31MAR2021,VIC,Western Melbourne,266
31MAR2021,WA,Central North Metro,262
31MAR2021,WA,Central South Metro,89
31MAR2021,WA,Goldfields-Esperance,13
31MAR2021,WA,Great Southern,15
31MAR2021,WA,Midwest-Gascoyne,15
31MAR2021,WA,North East Metro,304
31MAR2021,WA,North Metro,116
31MAR2021,WA,Other,<11
31MAR2021,WA,South East Metro,238
31MAR2021,WA,South Metro,70
31MAR2021,WA,South West,33
31DEC2020,ACT,ACT,127
31DEC2020,NSW,Central Coast,259
31DEC2020,NSW,Hunter New England,789
31DEC2020,NSW,Illawarra Shoalhaven,343
31DEC2020,NSW,Mid North Coast,165
31DEC2020,NSW,Murrumbidgee,253
31DEC2020,NSW,Nepean Blue Mountains,387
31DEC2020,NSW,North Sydney,759
31DEC2020,NSW,Northern NSW,219
31DEC2020,NSW,Other,<11
31DEC2020,NSW,South Eastern Sydney,431
31DEC2020,NSW,South Western Sydney,465
31DEC2020,NSW,Southern NSW,143
31DEC2020,NSW,Sydney,267
31DEC2020,NSW,Western NSW,338
31DEC2020,NSW,Western Sydney,685
31DEC2020,NT,Central Australia,35
31DEC2020,NT,Darwin Urban,76
31DEC2020,NT,Katherine,16
31DEC2020,NT,Other,<11
31DEC2020,QLD,Beenleigh,98
31DEC2020,QLD,Brisbane,318
31DEC2020,QLD,Bundaberg,56
31DEC2020,QLD,Caboolture/Strathpine,113
31DEC2020,QLD,Cairns,62
31DEC2020,QLD,Ipswich,216
31DEC2020,QLD,Mackay,25
31DEC2020,QLD,Maroochydore,104
31DEC2020,QLD,Maryborough,68
31DEC2020,QLD,Robina,100
31DEC2020,QLD,Rockhampton,97
31DEC2020,QLD,Toowoomba,209
31DEC2020,QLD,Townsville,58
31DEC2020,SA,Adelaide Hills,37
31DEC2020,SA,"Barossa, Light and Lower North",20
31DEC2020,SA,Eastern Adelaide,165
31DEC2020,SA,Eyre and Western,27
31DEC2020,SA,Far North (SA),19
31DEC2020,SA,Fleurieu and Kangaroo Island,33
31DEC2020,SA,Limestone Coast,43
31DEC2020,SA,Murray and Mallee,71
31DEC2020,SA,Northern Adelaide,543
31DEC2020,SA,Southern Adelaide,540
31DEC2020,SA,Western Adelaide,147
31DEC2020,SA,Yorke and Mid North,31
31DEC2020,TAS,TAS North,108
31DEC2020,TAS,TAS North West,110
31DEC2020,TAS,TAS South East,59
31DEC2020,TAS,TAS South West,140
31DEC2020,VIC,Barwon,318
31DEC2020,VIC,Bayside Peninsula,751
31DEC2020,VIC,Brimbank Melton,192
31DEC2020,VIC,Central Highlands,253
31DEC2020,VIC,Goulburn,90
31DEC2020,VIC,Hume Moreland,214
31DEC2020,VIC,Inner East Melbourne,760
31DEC2020,VIC,Inner Gippsland,137
31DEC2020,VIC,Loddon,239
31DEC2020,VIC,Mallee,83
31DEC2020,VIC,North East Melbourne,690
31DEC2020,VIC,Outer East Melbourne,433
31DEC2020,VIC,Outer Gippsland,69
31DEC2020,VIC,Ovens Murray,135
31DEC2020,VIC,Southern Melbourne,246
31DEC2020,VIC,Western District,269
31DEC2020,VIC,Western Melbourne,249
31DEC2020,WA,Central North Metro,263
31DEC2020,WA,Central South Metro,86
31DEC2020,WA,Goldfields-Esperance,13
31DEC2020,WA,Great Southern,15
31DEC2020,WA,Midwest-Gascoyne,15
31DEC2020,WA,North East Metro,302
31DEC2020,WA,North Metro,110
31DEC2020,WA,Other,<11
31DEC2020,WA,South East Metro,232
31DEC2020,WA,South Metro,78
31DEC2020,WA,South West,34
30SEP2020,ACT,ACT,106
30SEP2020,MIS,Other,<11
30SEP2020,NSW,Central Coast,250
30SEP2020,NSW,Hunter New England,784
30SEP2020,NSW,Illawarra Shoalhaven,341
30SEP2020,NSW,Mid North Coast,159
30SEP2020,NSW,Murrumbidgee,247
30SEP2020,NSW,Nepean Blue Mountains,382
30SEP2020,NSW,North Sydney,740
30SEP2020,NSW,Northern NSW,220
30SEP2020,NSW,Other,<11
30SEP2020,NSW,South Eastern Sydney,418
30SEP2020,NSW,South Western Sydney,453
30SEP2020,NSW,Southern NSW,144
30SEP2020,NSW,Sydney,264
30SEP2020,NSW,Western NSW,352
30SEP2020,NSW,Western Sydney,665
30SEP2020,NT,Central Australia,36
30SEP2020,NT,Darwin Urban,76
30SEP2020,NT,Katherine,17
30SEP2020,NT,Other,<11
30SEP2020,QLD,Beenleigh,93
30SEP2020,QLD,Brisbane,292
30SEP2020,QLD,Bundaberg,52
30SEP2020,QLD,Caboolture/Strathpine,102
30SEP2020,QLD,Cairns,59
30SEP2020,QLD,Ipswich,215
30SEP2020,QLD,Mackay,20
30SEP2020,QLD,Maroochydore,101
30SEP2020,QLD,Maryborough,65
30SEP2020,QLD,Robina,90
30SEP2020,QLD,Rockhampton,96
30SEP2020,QLD,Toowoomba,205
30SEP2020,QLD,Townsville,61
30SEP2020,SA,Adelaide Hills,37
30SEP2020,SA,"Barossa, Light and Lower North",22
30SEP2020,SA,Eastern Adelaide,162
30SEP2020,SA,Eyre and Western,27
30SEP2020,SA,Far North (SA),19
30SEP2020,SA,Fleurieu and Kangaroo Island,31
30SEP2020,SA,Limestone Coast,45
30SEP2020,SA,Murray and Mallee,71
30SEP2020,SA,Northern Adelaide,541
30SEP2020,SA,Southern Adelaide,539
30SEP2020,SA,Western Adelaide,145
30SEP2020,SA,Yorke and Mid North,30
30SEP2020,TAS,TAS North,114
30SEP2020,TAS,TAS North West,113
30SEP2020,TAS,TAS South East,57
30SEP2020,TAS,TAS South West,140
30SEP2020,VIC,Barwon,301
30SEP2020,VIC,Bayside Peninsula,735
30SEP2020,VIC,Brimbank Melton,190
30SEP2020,VIC,Central Highlands,247
30SEP2020,VIC,Goulburn,88
30SEP2020,VIC,Hume Moreland,201
30SEP2020,VIC,Inner East Melbourne,752
30SEP2020,VIC,Inner Gippsland,133
30SEP2020,VIC,Loddon,236
30SEP2020,VIC,Mallee,86
30SEP2020,VIC,North East Melbourne,685
30SEP2020,VIC,Outer East Melbourne,415
30SEP2020,VIC,Outer Gippsland,67
30SEP2020,VIC,Ovens Murray,137
30SEP2020,VIC,Southern Melbourne,236
30SEP2020,VIC,Western District,265
30SEP2020,VIC,Western Melbourne,230
30SEP2020,WA,Central North Metro,262
30SEP2020,WA,Central South Metro,83
30SEP2020,WA,Goldfields-Esperance,14
30SEP2020,WA,Great Southern,13
30SEP2020,WA,Midwest-Gascoyne,15
30SEP2020,WA,North East Metro,239
30SEP2020,WA,North Metro,109
30SEP2020,WA,Other,<11
30SEP2020,WA,South East Metro,184
30SEP2020,WA,South Metro,71
30SEP2020,WA,South West,31
31MAR2020,ACT,ACT,47
31MAR2020,ACT,Other,<11
31MAR2020,NSW,Central Coast,192
31MAR2020,NSW,Hunter New England,794
31MAR2020,NSW,Illawarra Shoalhaven,316
31MAR2020,NSW,Mid North Coast,151
31MAR2020,NSW,Murrumbidgee,227
31MAR2020,NSW,Nepean Blue Mountains,351
31MAR2020,NSW,North Sydney,696
31MAR2020,NSW,Northern NSW,173
31MAR2020,NSW,Other,<11
31MAR2020,NSW,South Eastern Sydney,378
31MAR2020,NSW,South Western Sydney,410
31MAR2020,NSW,Southern NSW,146
31MAR2020,NSW,Sydney,256
31MAR2020,NSW,Western NSW,346
31MAR2020,NSW,Western Sydney,623
31MAR2020,NT,Central Australia,36
31MAR2020,NT,Darwin Urban,81
31MAR2020,NT,Katherine,16
31MAR2020,NT,Other,<11
31MAR2020,QLD,Beenleigh,103
31MAR2020,QLD,Brisbane,264
31MAR2020,QLD,Bundaberg,48
31MAR2020,QLD,Caboolture/Strathpine,77
31MAR2020,QLD,Cairns,53
31MAR2020,QLD,Ipswich,207
31MAR2020,QLD,Mackay,17
31MAR2020,QLD,Maroochydore,71
31MAR2020,QLD,Maryborough,69
31MAR2020,QLD,Robina,60
31MAR2020,QLD,Rockhampton,141
31MAR2020,QLD,Toowoomba,210
31MAR2020,QLD,Townsville,58
31MAR2020,SA,Adelaide Hills,42
31MAR2020,SA,"Barossa, Light and Lower North",31
31MAR2020,SA,Eastern Adelaide,163
31MAR2020,SA,Eyre and Western,26
31MAR2020,SA,Far North (SA),20
31MAR2020,SA,Fleurieu and Kangaroo Island,34
31MAR2020,SA,Limestone Coast,46
31MAR2020,SA,Murray and Mallee,85
31MAR2020,SA,Northern Adelaide,588
31MAR2020,SA,Southern Adelaide,552
31MAR2020,SA,Western Adelaide,146
31MAR2020,SA,Yorke and Mid North,37
31MAR2020,TAS,TAS North,121
31MAR2020,TAS,TAS North West,107
31MAR2020,TAS,TAS South East,60
31MAR2020,TAS,TAS South West,133
31MAR2020,VIC,Barwon,278
31MAR2020,VIC,Bayside Peninsula,703
31MAR2020,VIC,Brimbank Melton,174
31MAR2020,VIC,Central Highlands,220
31MAR2020,VIC,Goulburn,83
31MAR2020,VIC,Hume Moreland,185
31MAR2020,VIC,Inner East Melbourne,697
31MAR2020,VIC,Inner Gippsland,126
31MAR2020,VIC,Loddon,231
31MAR2020,VIC,Mallee,85
31MAR2020,VIC,North East Melbourne,649
31MAR2020,VIC,Outer East Melbourne,374
31MAR2020,VIC,Outer Gippsland,63
31MAR2020,VIC,Ovens Murray,137
31MAR2020,VIC,Southern Melbourne,221
31MAR2020,VIC,Western District,264
31MAR2020,VIC,Western Melbourne,248
31MAR2020,WA,Central North Metro,16
31MAR2020,WA,Central South Metro,68
31MAR2020,WA,North East Metro,184
31MAR2020,WA,North Metro,29
31MAR2020,WA,Other,16
31MAR2020,WA,South East Metro,21
31MAR2020,WA,South Metro,57
31DEC2019,ACT,ACT,22
31DEC2019,ACT,ACT - Other,<11
31DEC2019,NSW,Central Coast,189
31DEC2019,NSW,Hunter New England,781
31DEC2019,NSW,Illawarra Shoalhaven,305
31DEC2019,NSW,Mid North Coast,141
31DEC2019,NSW,Murrumbidgee,227
31DEC2019,NSW,NSW - Other,<11
31DEC2019,NSW,Nepean Blue Mountains,341
31DEC2019,NSW,North Sydney,670
31DEC2019,NSW,Northern NSW,162
31DEC2019,NSW,South Eastern Sydney,359
31DEC2019,NSW,South Western Sydney,405
31DEC2019,NSW,Southern NSW,135
31DEC2019,NSW,Sydney,246
31DEC2019,NSW,Western NSW,346
31DEC2019,NSW,Western Sydney,609
31DEC2019,NT,Central Australia,40
31DEC2019,NT,Darwin Urban,80
31DEC2019,NT,Katherine,15
31DEC2019,NT,NT - Other,<11
31DEC2019,QLD,Beenleigh,215
31DEC2019,QLD,Brisbane,245
31DEC2019,QLD,Bundaberg,49
31DEC2019,QLD,Caboolture/Strathpine,71
31DEC2019,QLD,Cairns,41
31DEC2019,QLD,Ipswich,210
31DEC2019,QLD,Mackay,13
31DEC2019,QLD,Maroochydore,67
31DEC2019,QLD,Maryborough,69
31DEC2019,QLD,Robina,47
31DEC2019,QLD,Rockhampton,158
31DEC2019,QLD,Toowoomba,208
31DEC2019,QLD,Townsville,59
31DEC2019,SA,Adelaide Hills,42
31DEC2019,SA,"Barossa, Light and Lower North",34
31DEC2019,SA,Eastern Adelaide,164
31DEC2019,SA,Eyre and Western,27
31DEC2019,SA,Far North (SA),20
31DEC2019,SA,Fleurieu and Kangaroo Island,35
31DEC2019,SA,Limestone Coast,41
31DEC2019,SA,Murray and Mallee,84
31DEC2019,SA,Northern Adelaide,599
31DEC2019,SA,Southern Adelaide,564
31DEC2019,SA,Western Adelaide,142
31DEC2019,SA,Yorke and Mid North,25
31DEC2019,TAS,TAS North,118
31DEC2019,TAS,TAS North West,95
31DEC2019,TAS,TAS South East,63
31DEC2019,TAS,TAS South West,135
31DEC2019,VIC,Barwon,271
31DEC2019,VIC,Bayside Peninsula,688
31DEC2019,VIC,Brimbank Melton,168
31DEC2019,VIC,Central Highlands,210
31DEC2019,VIC,Goulburn,78
31DEC2019,VIC,Hume Moreland,174
31DEC2019,VIC,Inner East Melbourne,681
31DEC2019,VIC,Inner Gippsland,126
31DEC2019,VIC,Loddon,225
31DEC2019,VIC,Mallee,84
31DEC2019,VIC,North East Melbourne,639
31DEC2019,VIC,Outer East Melbourne,361
31DEC2019,VIC,Outer Gippsland,70
31DEC2019,VIC,Ovens Murray,133
31DEC2019,VIC,Southern Melbourne,214
31DEC2019,VIC,Western District,251
31DEC2019,VIC,Western Melbourne,226
31DEC2019,WA,Central North Metro,12
31DEC2019,WA,Central South Metro,55
31DEC2019,WA,North East Metro,176
31DEC2019,WA,North Metro,26
31DEC2019,WA,South East Metro,21
31DEC2019,WA,South Metro,59
31DEC2019,WA,WA - Other,16
30SEP2019,ACT,ACT,19
30SEP2019,ACT,ACT - Other,<11
30SEP2019,NSW,Central Coast,166
30SEP2019,NSW,Hunter New England,776
30SEP2019,NSW,Illawarra Shoalhaven,301
30SEP2019,NSW,Mid North Coast,128
30SEP2019,NSW,Murrumbidgee,234
30SEP2019,NSW,NSW - Other,<11
30SEP2019,NSW,Nepean Blue Mountains,337
30SEP2019,NSW,North Sydney,641
30SEP2019,NSW,Northern NSW,157
30SEP2019,NSW,South Eastern Sydney,358
30SEP2019,NSW,South Western Sydney,401
30SEP2019,NSW,Southern NSW,134
30SEP2019,NSW,Sydney,265
30SEP2019,NSW,Western NSW,338
30SEP2019,NSW,Western Sydney,587
30SEP2019,NT,Central Australia,53
30SEP2019,NT,Darwin Urban,77
30SEP2019,NT,Katherine,14
30SEP2019,NT,NT - Other,<11
30SEP2019,QLD,Beenleigh,284
30SEP2019,QLD,Brisbane,213
30SEP2019,QLD,Bundaberg,49
30SEP2019,QLD,Caboolture/Strathpine,70
30SEP2019,QLD,Cairns,33
30SEP2019,QLD,Ipswich,207
30SEP2019,QLD,Mackay,19
30SEP2019,QLD,Maroochydore,68
30SEP2019,QLD,Maryborough,64
30SEP2019,QLD,Robina,33
30SEP2019,QLD,Rockhampton,165
30SEP2019,QLD,Toowoomba,211
30SEP2019,QLD,Townsville,64
30SEP2019,SA,Adelaide Hills,43
30SEP2019,SA,"Barossa, Light and Lower North",31
30SEP2019,SA,Eastern Adelaide,169
30SEP2019,SA,Eyre and Western,28
30SEP2019,SA,Far North (SA),21
30SEP2019,SA,Fleurieu and Kangaroo Island,38
30SEP2019,SA,Limestone Coast,46
30SEP2019,SA,Murray and Mallee,89
30SEP2019,SA,Northern Adelaide,602
30SEP2019,SA,Southern Adelaide,602
30SEP2019,SA,Western Adelaide,136
30SEP2019,SA,Yorke and Mid North,41
30SEP2019,TAS,TAS North,123
30SEP2019,TAS,TAS North West,105
30SEP2019,TAS,TAS South East,65
30SEP2019,TAS,TAS South West,145
30SEP2019,VIC,Barwon,239
30SEP2019,VIC,Bayside Peninsula,655
30SEP2019,VIC,Brimbank Melton,154
30SEP2019,VIC,Central Highlands,192
30SEP2019,VIC,Goulburn,72
30SEP2019,VIC,Hume Moreland,167
30SEP2019,VIC,Inner East Melbourne,663
30SEP2019,VIC,Inner Gippsland,124
30SEP2019,VIC,Loddon,215
30SEP2019,VIC,Mallee,80
30SEP2019,VIC,North East Melbourne,608
30SEP2019,VIC,Outer East Melbourne,350
30SEP2019,VIC,Outer Gippsland,58
30SEP2019,VIC,Ovens Murray,119
30SEP2019,VIC,Southern Melbourne,197
30SEP2019,VIC,Western District,249
30SEP2019,VIC,Western Melbourne,193
30SEP2019,WA,Central North Metro,15
30SEP2019,WA,Central South Metro,54
30SEP2019,WA,North East Metro,290
30SEP2019,WA,North Metro,28
30SEP2019,WA,South East Metro,17
30SEP2019,WA,South Metro,72
30SEP2019,WA,WA - Other,12
30JUN2019,ACT,ACT,18
30JUN2019,NSW,Central Coast,148
30JUN2019,NSW,Far West,16
30JUN2019,NSW,Hunter New England,758
30JUN2019,NSW,Illawarra Shoalhaven,295
30JUN2019,NSW,Mid North Coast,128
30JUN2019,NSW,Murrumbidgee,241
30JUN2019,NSW,Nepean Blue Mountains,330
30JUN2019,NSW,North Sydney,623
30JUN2019,NSW,Northern NSW,149
30JUN2019,NSW,South Eastern Sydney,359
30JUN2019,NSW,South Western Sydney,404
30JUN2019,NSW,Southern NSW,132
30JUN2019,NSW,Sydney,285
30JUN2019,NSW,Western NSW,303
30JUN2019,NSW,Western Sydney,600
30JUN2019,NT,Central Australia,54
30JUN2019,NT,Darwin Urban,79
30JUN2019,NT,Katherine,17
30JUN2019,NT,NT - Other,<11
30JUN2019,QLD,Beenleigh,300
30JUN2019,QLD,Brisbane,188
30JUN2019,QLD,Bundaberg,48
30JUN2019,QLD,Caboolture/Strathpine,69
30JUN2019,QLD,Cairns,34
30JUN2019,QLD,Ipswich,203
30JUN2019,QLD,Mackay,19
30JUN2019,QLD,Maroochydore,69
30JUN2019,QLD,Maryborough,61
30JUN2019,QLD,Robina,29
30JUN2019,QLD,Rockhampton,145
30JUN2019,QLD,Toowoomba,212
30JUN2019,QLD,Townsville,70
30JUN2019,SA,Adelaide Hills,44
30JUN2019,SA,"Barossa, Light and Lower North",33
30JUN2019,SA,Eastern Adelaide,167
30JUN2019,SA,Eyre and Western,30
30JUN2019,SA,Far North (SA),20
30JUN2019,SA,Fleurieu and Kangaroo Island,40
30JUN2019,SA,Limestone Coast,45
30JUN2019,SA,Murray and Mallee,88
30JUN2019,SA,Northern Adelaide,590
30JUN2019,SA,Southern Adelaide,608
30JUN2019,SA,Western Adelaide,142
30JUN2019,SA,Yorke and Mid North,40
30JUN2019,TAS,TAS North,131
30JUN2019,TAS,TAS North West,123
30JUN2019,TAS,TAS South East,74
30JUN2019,TAS,TAS South West,152
30JUN2019,VIC,Barwon,203
30JUN2019,VIC,Bayside Peninsula,636
30JUN2019,VIC,Brimbank Melton,121
30JUN2019,VIC,Central Highlands,191
30JUN2019,VIC,Goulburn,68
30JUN2019,VIC,Hume Moreland,142
30JUN2019,VIC,Inner East Melbourne,648
30JUN2019,VIC,Inner Gippsland,125
30JUN2019,VIC,Loddon,216
30JUN2019,VIC,Mallee,76
30JUN2019,VIC,North East Melbourne,600
30JUN2019,VIC,Outer East Melbourne,357
30JUN2019,VIC,Outer Gippsland,59
30JUN2019,VIC,Ovens Murray,116
30JUN2019,VIC,Southern Melbourne,185
30JUN2019,VIC,Western District,247
30JUN2019,VIC,Western Melbourne,125
30JUN2019,WA,Central North Metro,16
30JUN2019,WA,Central South Metro,46
30JUN2019,WA,North East Metro,315
30JUN2019,WA,North Metro,20
30JUN2019,WA,South East Metro,14
30JUN2019,WA,South Metro,54
30JUN2019,WA,WA - Other,11
31MAR2019,ACT,ACT,13
31MAR2019,NSW,Central Coast,146
31MAR2019,NSW,Far West,16
31MAR2019,NSW,Hunter New England,696
31MAR2019,NSW,Illawarra Shoalhaven,297
31MAR2019,NSW,Mid North Coast,134
31MAR2019,NSW,Murrumbidgee,239
31MAR2019,NSW,Nepean Blue Mountains,318
31MAR2019,NSW,North Sydney,601
31MAR2019,NSW,Northern NSW,142
31MAR2019,NSW,South Eastern Sydney,349
31MAR2019,NSW,South Western Sydney,377
31MAR2019,NSW,Southern NSW,130
31MAR2019,NSW,Sydney,283
31MAR2019,NSW,Western NSW,286
31MAR2019,NSW,Western Sydney,589
31MAR2019,NT,Central Australia,61
31MAR2019,NT,Darwin Urban,88
31MAR2019,NT,Katherine,17
31MAR2019,NT,NT - Other,<11
31MAR2019,QLD,Beenleigh,278
31MAR2019,QLD,Brisbane,166
31MAR2019,QLD,Bundaberg,49
31MAR2019,QLD,Cairns,29
31MAR2019,QLD,Ipswich,209
31MAR2019,QLD,Mackay,20
31MAR2019,QLD,Maryborough,53
31MAR2019,QLD,QLD - Other,<11
31MAR2019,QLD,Robina,25
31MAR2019,QLD,Rockhampton,69
31MAR2019,QLD,Toowoomba,220
31MAR2019,QLD,Townsville,65
31MAR2019,SA,Adelaide Hills,37
31MAR2019,SA,"Barossa, Light and Lower North",25
31MAR2019,SA,Eastern Adelaide,129
31MAR2019,SA,Eyre and Western,29
31MAR2019,SA,Far North (SA),19
31MAR2019,SA,Fleurieu and Kangaroo Island,38
31MAR2019,SA,Limestone Coast,46
31MAR2019,SA,Murray and Mallee,82
31MAR2019,SA,Northern Adelaide,537
31MAR2019,SA,Southern Adelaide,590
31MAR2019,SA,Western Adelaide,121
31MAR2019,SA,Yorke and Mid North,37
31MAR2019,TAS,TAS North,140
31MAR2019,TAS,TAS North West,139
31MAR2019,TAS,TAS South East,79
31MAR2019,TAS,TAS South West,167
31MAR2019,VIC,Barwon,182
31MAR2019,VIC,Bayside Peninsula,572
31MAR2019,VIC,Brimbank Melton,81
31MAR2019,VIC,Central Highlands,191
31MAR2019,VIC,Hume Moreland,132
31MAR2019,VIC,Inner East Melbourne,616
31MAR2019,VIC,Inner Gippsland,123
31MAR2019,VIC,Loddon,212
31MAR2019,VIC,Mallee,15
31MAR2019,VIC,North East Melbourne,567
31MAR2019,VIC,Outer East Melbourne,358
31MAR2019,VIC,Outer Gippsland,46
31MAR2019,VIC,Ovens Murray,115
31MAR2019,VIC,Southern Melbourne,158
31MAR2019,VIC,VIC - Other,<11
31MAR2019,VIC,Western District,243
31MAR2019,VIC,Western Melbourne,89
31MAR2019,WA,Central North Metro,11
31MAR2019,WA,Central South Metro,32
31MAR2019,WA,North East Metro,329
31MAR2019,WA,North Metro,15
31MAR2019,WA,South Metro,51
31MAR2019,WA,WA - Other,18
